ST,CTY,NAICS,ESTAB_2023,GEOID,ESTAB_2018,CHANGE,PCT_CHANGE
1,1,492,183.00,01001,18.00,165.00,-81.72
1,3,492,844.00,01003,137.00,707.00,-15.85
1,5,492,42.00,01005,4.00,38.00,-95.82
1,7,492,56.00,01007,8.00,48.00,-94.44
1,9,492,159.00,01009,29.00,130.00,-84.24
1,11,492,8.00,01011,7.00,1.00,-99.21
1,13,492,38.00,01013,30.00,8.00,-96.25
1,15,492,306.00,01015,8.00,298.00,-69.85
1,17,492,79.00,01017,3.00,76.00,-92.23
1,19,492,36.00,01019,16.00,20.00,-96.47
1,21,492,105.00,01021,5.00,100.00,-89.72
1,23,492,8.00,01023,9.00,-1.00,-99.22
1,25,492,22.00,01025,4.00,18.00,-97.85
1,27,492,9.00,01027,22.00,-13.00,-99.12
1,29,492,13.00,01029,17.00,-4.00,-98.74
1,31,492,201.00,01031,9.00,192.00,-80.50
1,33,492,134.00,01033,4.00,130.00,-87.03
1,35,492,20.00,01035,5.00,15.00,-98.07
1,37,492,9.00,01037,51.00,-42.00,-99.13
1,39,492,56.00,01039,35.00,21.00,-94.61
1,41,492,20.00,01041,7.00,13.00,-98.08
1,43,492,264.00,01043,25.00,239.00,-74.69
1,45,492,159.00,01045,38.00,121.00,-84.78
1,47,492,62.00,01047,9.00,53.00,-94.08
1,49,492,118.00,01049,38.00,80.00,-88.75
1,51,492,195.00,01051,6.00,189.00,-81.45
1,53,492,55.00,01053,16.00,39.00,-94.78
1,55,492,284.00,01055,7.00,277.00,-73.08
1,57,492,10.00,01057,3.00,7.00,-99.05
1,59,492,50.00,01059,6.00,44.00,-95.28
1,61,492,48.00,01061,61.00,-13.00,-95.48
1,63,492,7.00,01063,15.00,-8.00,-99.34
1,65,492,32.00,01065,715.00,-683.00,-97.00
1,67,492,30.00,01067,4.00,26.00,-97.19
1,69,492,407.00,01069,54.00,353.00,-61.93
1,71,492,90.00,01071,7.00,83.00,-91.60
1,73,492,"2,962.00",01073,62.00,"2,900.00",176.05
1,77,492,303.00,01077,46.00,257.00,-71.87
1,79,492,63.00,01079,3.00,60.00,-94.16
1,81,492,478.00,01081,4.00,474.00,-55.78
1,83,492,376.00,01083,255.00,121.00,-65.28
1,85,492,12.00,01085,10.00,2.00,-98.89
1,87,492,38.00,01087,4.00,34.00,-96.50
1,89,492,"1,578.00",01089,18.00,"1,560.00",44.90
1,91,492,17.00,01091,266.00,-249.00,-98.44
1,93,492,30.00,01093,9.00,21.00,-97.26
1,95,492,282.00,01095,113.00,169.00,-74.25
1,97,492,"1,316.00",01097,47.00,"1,269.00",19.96
1,99,492,34.00,01099,6.00,28.00,-96.91
1,101,492,702.00,01101,11.00,691.00,-36.24
1,103,492,369.00,01103,4.00,365.00,-66.55
1,105,492,9.00,01105,11.00,-2.00,-99.19
1,107,492,13.00,01107,59.00,-46.00,-98.83
1,109,492,89.00,01109,226.00,-137.00,-91.97
1,111,492,24.00,01111,3.00,21.00,-97.84
1,113,492,212.00,01113,30.00,182.00,-80.95
1,115,492,379.00,01115,9.00,370.00,-66.01
1,117,492,979.00,01117,92.00,887.00,-12.35
1,119,492,10.00,01119,34.00,-24.00,-99.11
1,121,492,172.00,01121,4.00,168.00,-84.66
1,123,492,59.00,01123,6.00,53.00,-94.75
1,125,492,579.00,01125,20.00,559.00,-48.53
1,127,492,174.00,01127,132.00,42.00,-84.56
1,129,492,25.00,01129,5.00,20.00,-97.79
1,131,492,13.00,01131,50.00,-37.00,-98.85
1,133,492,35.00,01133,19.00,16.00,-96.91
2,20,492,"1,840.00",02020,28.00,"1,812.00",-8.91
2,50,492,7.00,02050,3.00,4.00,-99.66
2,63,492,6.00,02063,3.00,3.00,-99.71
2,66,492,6.00,02066,26.00,-20.00,-99.71
2,90,492,593.00,02090,4.00,589.00,-71.63
2,100,492,3.00,02100,8.00,-5.00,-99.86
2,110,492,86.00,02110,10.00,76.00,-95.92
2,122,492,120.00,02122,5.00,115.00,-94.34
2,130,492,12.00,02130,18.00,-6.00,-99.44
2,150,492,7.00,02150,65.00,-58.00,-99.67
2,170,492,497.00,02170,119.00,378.00,-77.10
2,180,492,0.00,02180,31.00,-31.00,-100.00
2,185,492,3.00,02185,6.00,-3.00,-99.86
2,188,492,3.00,02188,6.00,-3.00,-99.86
2,220,492,5.00,02220,"6,275.00","-6,270.00",-99.77
2,240,492,8.00,02240,121.00,-113.00,-99.64
2,290,492,7.00,02290,42.00,-35.00,-99.69
4,1,492,65.00,04001,"1,184.00","-1,119.00",-98.38
4,3,492,313.00,04003,441.00,-128.00,-92.18
4,5,492,471.00,04005,36.00,435.00,-88.24
4,7,492,105.00,04007,208.00,-103.00,-97.38
4,9,492,74.00,04009,55.00,19.00,-98.15
4,11,492,5.00,04011,4.00,1.00,-99.88
4,12,492,20.00,04012,19.00,1.00,-99.50
4,13,492,"22,818.00",04013,148.00,"22,670.00",468.60
4,15,492,560.00,04015,26.00,534.00,-86.05
4,17,492,214.00,04017,7.00,207.00,-94.67
4,19,492,"4,304.00",04019,4.00,"4,300.00",7.09
4,21,492,"2,212.00",04021,13.00,"2,199.00",-44.99
4,23,492,104.00,04023,14.00,90.00,-97.41
4,25,492,876.00,04025,42.00,834.00,-78.24
4,27,492,543.00,04027,47.00,496.00,-86.52
5,1,492,12.00,05001,42.00,-30.00,-99.76
5,3,492,14.00,05003,7.00,7.00,-99.72
5,5,492,170.00,05005,3.00,167.00,-96.60
5,7,492,"1,617.00",05007,4.00,"1,613.00",-67.71
5,9,492,151.00,05009,4.00,147.00,-96.99
5,11,492,14.00,05011,70.00,-56.00,-99.72
5,15,492,32.00,05015,5.00,27.00,-99.36
5,17,492,3.00,05017,10.00,-7.00,-99.94
5,19,492,39.00,05019,45.00,-6.00,-99.22
5,21,492,17.00,05021,15.00,2.00,-99.66
5,23,492,36.00,05023,13.00,23.00,-99.28
5,25,492,5.00,05025,9.00,-4.00,-99.90
5,27,492,16.00,05027,20.00,-4.00,-99.68
5,29,492,32.00,05029,4.00,28.00,-99.36
5,31,492,339.00,05031,15.00,324.00,-93.26
5,33,492,203.00,05033,15.00,188.00,-95.97
5,35,492,211.00,05035,3.00,208.00,-95.81
5,37,492,17.00,05037,20.00,-3.00,-99.66
5,39,492,8.00,05039,10.00,-2.00,-99.84
5,41,492,20.00,05041,9.00,11.00,-99.60
5,43,492,32.00,05043,3.00,29.00,-99.37
5,45,492,435.00,05045,7.00,428.00,-91.38
5,47,492,15.00,05047,7.00,8.00,-99.70
5,49,492,16.00,05049,46.00,-30.00,-99.68
5,51,492,316.00,05051,13.00,303.00,-93.74
5,53,492,43.00,05053,7.00,36.00,-99.15
5,55,492,122.00,05055,30.00,92.00,-97.59
5,57,492,21.00,05057,3.00,18.00,-99.58
5,59,492,69.00,05059,10.00,59.00,-98.64
5,61,492,8.00,05061,3.00,5.00,-99.84
5,63,492,72.00,05063,6.00,66.00,-98.58
5,65,492,19.00,05065,5.00,14.00,-99.62
5,67,492,9.00,05067,4.00,5.00,-99.82
5,69,492,142.00,05069,3.00,139.00,-97.20
5,71,492,46.00,05071,5.00,41.00,-99.09
5,73,492,3.00,05073,9.00,-6.00,-99.94
5,75,492,0.00,05075,23.00,-23.00,-100.00
5,77,492,15.00,05077,10.00,5.00,-99.70
5,79,492,15.00,05079,339.00,-324.00,-99.70
5,81,492,10.00,05081,11.00,-1.00,-99.80
5,83,492,15.00,05083,11.00,4.00,-99.70
5,85,492,283.00,05085,83.00,200.00,-94.43
5,87,492,55.00,05087,4.00,51.00,-98.92
5,89,492,94.00,05089,11.00,83.00,-98.15
5,91,492,124.00,05091,60.00,64.00,-97.56
5,93,492,54.00,05093,5.00,49.00,-98.94
5,95,492,3.00,05095,13.00,-10.00,-99.94
5,97,492,22.00,05097,9.00,13.00,-99.57
5,99,492,0.00,05099,124.00,-124.00,-100.00
5,101,492,15.00,05101,32.00,-17.00,-99.71
5,103,492,31.00,05103,5.00,26.00,-99.39
5,105,492,12.00,05105,"4,427.00","-4,415.00",-99.76
5,107,492,33.00,05107,16.00,17.00,-99.35
5,109,492,6.00,05109,123.00,-117.00,-99.88
5,111,492,33.00,05111,20.00,13.00,-99.35
5,113,492,23.00,05113,8.00,15.00,-99.55
5,115,492,210.00,05115,"2,710.00","-2,500.00",-95.89
5,117,492,12.00,05117,11.00,1.00,-99.77
5,119,492,"1,642.00",05119,109.00,"1,533.00",-67.92
5,121,492,58.00,05121,711.00,-653.00,-98.87
5,123,492,38.00,05123,4.00,34.00,-99.26
5,125,492,531.00,05125,106.00,425.00,-89.64
5,127,492,15.00,05127,99.00,-84.00,-99.71
5,129,492,26.00,05129,6.00,20.00,-99.49
5,131,492,481.00,05131,424.00,57.00,-90.63
5,133,492,8.00,05133,45.00,-37.00,-99.84
5,135,492,30.00,05135,37.00,-7.00,-99.42
5,137,492,18.00,05137,12.00,6.00,-99.65
5,139,492,56.00,05139,"19,696.00","-19,640.00",-98.91
5,141,492,19.00,05141,76.00,-57.00,-99.63
5,143,492,"1,171.00",05143,261.00,910.00,-77.23
5,145,492,195.00,05145,18.00,177.00,-96.21
5,147,492,3.00,05147,42.00,-39.00,-99.94
5,149,492,39.00,05149,156.00,-117.00,-99.24
6,1,492,"7,279.00",06001,5.00,"7,274.00",21.30
6,5,492,62.00,06005,4.00,58.00,-98.97
6,7,492,"1,167.00",06007,234.00,933.00,-80.57
6,9,492,55.00,06009,106.00,-51.00,-99.08
6,11,492,34.00,06011,48.00,-14.00,-99.43
6,13,492,"5,917.00",06013,"4,659.00","1,258.00",-1.60
6,15,492,92.00,06015,448.00,-356.00,-98.47
6,17,492,509.00,06017,8.00,501.00,-91.54
6,19,492,"3,740.00",06019,"2,679.00","1,061.00",-37.86
6,21,492,92.00,06021,"3,541.00","-3,449.00",-98.47
6,23,492,397.00,06023,47.00,350.00,-93.41
6,25,492,496.00,06025,"2,546.00","-2,050.00",-91.77
6,27,492,24.00,06027,"4,875.00","-4,851.00",-99.60
6,29,492,"3,131.00",06029,"2,019.00","1,112.00",-48.07
6,31,492,433.00,06031,"1,309.00",-876.00,-92.82
6,33,492,188.00,06033,141.00,47.00,-96.88
6,35,492,78.00,06035,"1,927.00","-1,849.00",-98.71
6,37,492,"44,977.00",06037,325.00,"44,652.00",645.02
6,39,492,406.00,06039,"4,946.00","-4,540.00",-93.28
6,41,492,552.00,06041,149.00,403.00,-90.86
6,43,492,36.00,06043,164.00,-128.00,-99.40
6,45,492,229.00,06045,35.00,194.00,-96.21
6,47,492,"1,010.00",06047,725.00,285.00,-83.30
6,49,492,11.00,06049,363.00,-352.00,-99.82
6,51,492,3.00,06051,592.00,-589.00,-99.95
6,53,492,"1,049.00",06053,87.00,962.00,-82.67
6,55,492,431.00,06055,40.00,391.00,-92.88
6,57,492,294.00,06057,5.00,289.00,-95.15
6,59,492,"12,398.00",06059,156.00,"12,242.00",104.62
6,61,492,"2,009.00",06061,36.00,"1,973.00",-66.85
6,63,492,13.00,06063,773.00,-760.00,-99.79
6,65,492,"11,176.00",06065,214.00,"10,962.00",84.27
6,67,492,"13,114.00",06067,45.00,"13,069.00",116.15
6,69,492,265.00,06069,896.00,-631.00,-95.63
6,71,492,"10,260.00",06071,7.00,"10,253.00",69.00
6,73,492,"16,033.00",06073,"1,473.00","14,560.00",164.00
6,75,492,"3,187.00",06075,7.00,"3,180.00",-47.54
6,77,492,"3,917.00",06077,10.00,"3,907.00",-35.54
6,79,492,850.00,06079,3.00,847.00,-86.02
6,81,492,"3,059.00",06081,350.00,"2,709.00",-49.70
6,83,492,"1,317.00",06083,88.00,"1,229.00",-78.35
6,85,492,"7,143.00",06085,7.00,"7,136.00",17.39
6,87,492,499.00,06087,9.00,490.00,-91.80
6,89,492,757.00,06089,9.00,748.00,-87.57
6,91,492,4.00,06091,4.00,0.00,-99.93
6,93,492,63.00,06093,13.00,50.00,-98.97
6,95,492,"2,228.00",06095,"1,342.00",886.00,-63.45
6,97,492,"1,664.00",06097,414.00,"1,250.00",-72.71
6,99,492,"2,580.00",06099,34.00,"2,546.00",-57.70
6,101,492,560.00,06101,35.00,525.00,-90.82
6,103,492,325.00,06103,916.00,-591.00,-94.67
6,105,492,13.00,06105,20.00,-7.00,-99.79
6,107,492,"1,342.00",06107,33.00,"1,309.00",-78.03
6,109,492,172.00,06109,4.00,168.00,-97.18
6,111,492,"2,614.00",06111,9.00,"2,605.00",-57.22
6,113,492,960.00,06113,19.00,941.00,-84.30
6,115,492,389.00,06115,5.00,384.00,-93.64
8,1,492,"3,877.00",08001,979.00,"2,898.00",-51.54
8,3,492,24.00,08003,4.00,20.00,-99.70
8,5,492,"4,803.00",08005,3.00,"4,800.00",-40.00
8,7,492,12.00,08007,4.00,8.00,-99.85
8,9,492,10.00,08009,24.00,-14.00,-99.88
8,11,492,4.00,08011,396.00,-392.00,-99.95
8,13,492,"1,262.00",08013,12.00,"1,250.00",-84.25
8,14,492,435.00,08014,7.00,428.00,-94.57
8,15,492,16.00,08015,11.00,5.00,-99.80
8,19,492,13.00,08019,121.00,-108.00,-99.84
8,21,492,17.00,08021,10.00,7.00,-99.79
8,23,492,10.00,08023,10.00,0.00,-99.88
8,25,492,8.00,08025,29.00,-21.00,-99.90
8,27,492,7.00,08027,14.00,-7.00,-99.91
8,29,492,75.00,08029,3.00,72.00,-99.07
8,31,492,"4,060.00",08031,24.00,"4,036.00",-49.45
8,35,492,"1,720.00",08035,4.00,"1,716.00",-78.59
8,37,492,80.00,08037,3.00,77.00,-99.00
8,39,492,81.00,08039,11.00,70.00,-98.99
8,41,492,"4,531.00",08041,120.00,"4,411.00",-43.65
8,43,492,155.00,08043,4.00,151.00,-98.07
8,45,492,105.00,08045,5.00,100.00,-98.69
8,47,492,17.00,08047,32.00,-15.00,-99.79
8,49,492,17.00,08049,5.00,12.00,-99.79
8,51,492,13.00,08051,4.00,9.00,-99.84
8,55,492,17.00,08055,20.00,-3.00,-99.79
8,57,492,3.00,08057,32.00,-29.00,-99.96
8,59,492,"2,671.00",08059,281.00,"2,390.00",-66.86
8,61,492,4.00,08061,10.00,-6.00,-99.95
8,63,492,9.00,08063,676.00,-667.00,-99.89
8,65,492,7.00,08065,"1,073.00","-1,066.00",-99.91
8,67,492,87.00,08067,122.00,-35.00,-98.92
8,69,492,"2,210.00",08069,90.00,"2,120.00",-72.61
8,71,492,44.00,08071,652.00,-608.00,-99.45
8,73,492,13.00,08073,102.00,-89.00,-99.84
8,75,492,72.00,08075,104.00,-32.00,-99.11
8,77,492,644.00,08077,74.00,570.00,-92.03
8,81,492,40.00,08081,98.00,-58.00,-99.51
8,83,492,29.00,08083,469.00,-440.00,-99.64
8,85,492,125.00,08085,85.00,40.00,-98.45
8,87,492,53.00,08087,875.00,-822.00,-99.34
8,89,492,24.00,08089,242.00,-218.00,-99.70
8,91,492,8.00,08091,15.00,-7.00,-99.90
8,93,492,28.00,08093,127.00,-99.00,-99.65
8,95,492,4.00,08095,10.00,-6.00,-99.95
8,97,492,15.00,08097,418.00,-403.00,-99.81
8,99,492,16.00,08099,"3,962.00","-3,946.00",-99.80
8,101,492,829.00,08101,4.00,825.00,-89.77
8,103,492,13.00,08103,162.00,-149.00,-99.84
8,105,492,8.00,08105,129.00,-121.00,-99.90
8,107,492,72.00,08107,253.00,-181.00,-99.11
8,109,492,9.00,08109,285.00,-276.00,-99.89
8,113,492,5.00,08113,44.00,-39.00,-99.94
8,117,492,68.00,08117,8.00,60.00,-99.16
8,119,492,72.00,08119,12.00,60.00,-99.11
8,121,492,8.00,08121,"1,418.00","-1,410.00",-99.90
8,123,492,"1,965.00",08123,191.00,"1,774.00",-75.81
8,125,492,12.00,08125,90.00,-78.00,-99.85
9,110,492,"4,335.00",09110,9.00,"4,326.00",-52.41
9,120,492,"1,237.00",09120,29.00,"1,208.00",-86.44
9,130,492,503.00,09130,13.00,490.00,-94.49
9,140,492,"1,914.00",09140,12.00,"1,902.00",-79.06
9,150,492,322.00,09150,4.00,318.00,-96.48
9,160,492,352.00,09160,3.00,349.00,-96.16
9,170,492,"2,172.00",09170,30.00,"2,142.00",-76.31
9,180,492,"1,023.00",09180,171.00,852.00,-88.86
9,190,492,"1,855.00",09190,42.00,"1,813.00",-79.82
10,1,492,"1,006.00",10001,"2,987.00","-1,981.00",-89.94
10,3,492,"4,647.00",10003,5.00,"4,642.00",-53.54
10,5,492,875.00,10005,117.00,758.00,-91.25
11,1,492,"2,453.00",11001,14.00,"2,439.00",-77.70
12,1,492,"1,184.00",12001,10.00,"1,174.00",-90.13
12,3,492,77.00,12003,4.00,73.00,-99.36
12,5,492,"1,063.00",12005,257.00,806.00,-91.15
12,7,492,67.00,12007,736.00,-669.00,-99.44
12,9,492,"2,272.00",12009,189.00,"2,083.00",-81.08
12,11,492,"11,527.00",12011,31.00,"11,496.00",-4.03
12,13,492,22.00,12013,3.00,19.00,-99.82
12,15,492,865.00,12015,327.00,538.00,-92.80
12,17,492,674.00,12017,306.00,368.00,-94.39
12,19,492,"1,308.00",12019,102.00,"1,206.00",-89.12
12,21,492,"1,402.00",12021,"10,250.00","-8,848.00",-88.34
12,23,492,170.00,12023,60.00,110.00,-98.59
12,27,492,97.00,12027,58.00,39.00,-99.19
12,29,492,32.00,12029,158.00,-126.00,-99.73
12,31,492,"6,184.00",12031,15.00,"6,169.00",-48.60
12,33,492,"1,626.00",12033,"2,428.00",-802.00,-86.49
12,35,492,550.00,12035,672.00,-122.00,-95.43
12,37,492,8.00,12037,"1,768.00","-1,760.00",-99.93
12,39,492,103.00,12039,666.00,-563.00,-99.14
12,41,492,39.00,12041,"1,191.00","-1,152.00",-99.68
12,43,492,23.00,12043,567.00,-544.00,-99.81
12,45,492,19.00,12045,53.00,-34.00,-99.84
12,47,492,20.00,12047,186.00,-166.00,-99.83
12,49,492,45.00,12049,322.00,-277.00,-99.63
12,51,492,147.00,12051,71.00,76.00,-98.78
12,53,492,991.00,12053,345.00,646.00,-91.78
12,55,492,364.00,12055,589.00,-225.00,-96.98
12,57,492,"11,446.00",12057,41.00,"11,405.00",-5.07
12,59,492,44.00,12059,13.00,31.00,-99.64
12,61,492,602.00,12061,6.00,596.00,-95.01
12,63,492,116.00,12063,8.00,108.00,-99.04
12,65,492,20.00,12065,484.00,-464.00,-99.83
12,67,492,7.00,12067,23.00,-16.00,-99.94
12,69,492,"1,576.00",12069,48.00,"1,528.00",-86.94
12,71,492,"3,746.00",12071,12.00,"3,734.00",-68.97
12,73,492,"1,145.00",12073,7.00,"1,138.00",-90.52
12,75,492,126.00,12075,18.00,108.00,-98.96
12,77,492,10.00,12077,4.00,6.00,-99.92
12,79,492,17.00,12079,74.00,-57.00,-99.86
12,81,492,"1,808.00",12081,66.00,"1,742.00",-85.03
12,83,492,"1,701.00",12083,3.00,"1,698.00",-85.92
12,85,492,408.00,12085,9.00,399.00,-96.62
12,86,492,"23,401.00",12086,80.00,"23,321.00",93.62
12,87,492,233.00,12087,7.00,226.00,-98.07
12,89,492,321.00,12089,9.00,312.00,-97.34
12,91,492,"1,188.00",12091,38.00,"1,150.00",-90.17
12,93,492,125.00,12093,36.00,89.00,-98.97
12,95,492,"9,354.00",12095,5.00,"9,349.00",-22.66
12,97,492,"3,902.00",12097,10.00,"3,892.00",-67.74
12,99,492,"5,999.00",12099,0.00,"5,999.00",-50.42
12,101,492,"3,621.00",12101,13.00,"3,608.00",-70.08
12,103,492,"4,004.00",12103,3.00,"4,001.00",-66.92
12,105,492,"4,275.00",12105,61.00,"4,214.00",-64.68
12,107,492,199.00,12107,55.00,144.00,-98.36
12,109,492,"1,117.00",12109,4.00,"1,113.00",-90.78
12,111,492,"2,070.00",12111,250.00,"1,820.00",-82.91
12,113,492,949.00,12113,4.00,945.00,-92.17
12,115,492,"2,040.00",12115,224.00,"1,816.00",-83.16
12,117,492,"2,181.00",12117,79.00,"2,102.00",-82.00
12,119,492,260.00,12119,567.00,-307.00,-97.85
12,121,492,85.00,12121,"1,179.00","-1,094.00",-99.30
12,123,492,40.00,12123,6.00,34.00,-99.67
12,125,492,21.00,12125,14.00,7.00,-99.83
12,127,492,"2,383.00",12127,83.00,"2,300.00",-80.35
12,129,492,125.00,12129,6.00,119.00,-98.97
12,131,492,317.00,12131,101.00,216.00,-97.39
12,133,492,65.00,12133,4.00,61.00,-99.46
13,1,492,27.00,13001,3.00,24.00,-99.79
13,3,492,11.00,13003,6.00,5.00,-99.92
13,5,492,6.00,13005,13.00,-7.00,-99.95
13,7,492,5.00,13007,5.00,0.00,-99.96
13,9,492,117.00,13009,"1,178.00","-1,061.00",-99.10
13,11,492,41.00,13011,9.00,32.00,-99.68
13,13,492,585.00,13013,3.00,582.00,-95.50
13,15,492,439.00,13015,53.00,386.00,-96.63
13,17,492,29.00,13017,228.00,-199.00,-99.78
13,19,492,37.00,13019,63.00,-26.00,-99.72
13,21,492,470.00,13021,8.00,462.00,-96.39
13,23,492,15.00,13023,7.00,8.00,-99.88
13,25,492,33.00,13025,3.00,30.00,-99.75
13,27,492,34.00,13027,9.00,25.00,-99.74
13,29,492,154.00,13029,105.00,49.00,-98.82
13,31,492,247.00,13031,52.00,195.00,-98.10
13,33,492,56.00,13033,155.00,-99.00,-99.57
13,35,492,80.00,13035,14.00,66.00,-99.39
13,37,492,10.00,13037,"1,322.00","-1,312.00",-99.92
13,39,492,258.00,13039,11.00,247.00,-98.02
13,43,492,12.00,13043,3.00,9.00,-99.91
13,45,492,479.00,13045,37.00,442.00,-96.33
13,47,492,348.00,13047,15.00,333.00,-97.33
13,49,492,24.00,13049,9.00,15.00,-99.82
13,51,492,"1,265.00",13051,9.00,"1,256.00",-90.31
13,53,492,27.00,13053,"1,678.00","-1,651.00",-99.79
13,55,492,64.00,13055,10.00,54.00,-99.51
13,57,492,"1,195.00",13057,99.00,"1,096.00",-90.85
13,59,492,387.00,13059,5.00,382.00,-97.04
13,63,492,"2,035.00",13063,15.00,"2,020.00",-84.42
13,65,492,23.00,13065,10.00,13.00,-99.82
13,67,492,"3,804.00",13067,301.00,"3,503.00",-70.89
13,69,492,61.00,13069,72.00,-11.00,-99.53
13,71,492,88.00,13071,6.00,82.00,-99.33
13,73,492,570.00,13073,34.00,536.00,-95.64
13,75,492,31.00,13075,11.00,20.00,-99.76
13,77,492,552.00,13077,8.00,544.00,-95.78
13,79,492,26.00,13079,5.00,21.00,-99.80
13,81,492,34.00,13081,16.00,18.00,-99.74
13,83,492,31.00,13083,4.00,27.00,-99.76
13,85,492,135.00,13085,30.00,105.00,-98.97
13,87,492,36.00,13087,16.00,20.00,-99.72
13,89,492,"3,646.00",13089,29.00,"3,617.00",-72.14
13,91,492,24.00,13091,13.00,11.00,-99.82
13,93,492,14.00,13093,52.00,-38.00,-99.89
13,95,492,325.00,13095,10.00,315.00,-97.52
13,97,492,997.00,13097,7.00,990.00,-92.39
13,99,492,9.00,13099,3.00,6.00,-99.93
13,101,492,3.00,13101,15.00,-12.00,-99.98
13,103,492,270.00,13103,3.00,267.00,-97.94
13,105,492,30.00,13105,7.00,23.00,-99.77
13,107,492,39.00,13107,9.00,30.00,-99.70
13,109,492,16.00,13109,4.00,12.00,-99.88
13,111,492,33.00,13111,5.00,28.00,-99.75
13,113,492,456.00,13113,11.00,445.00,-96.52
13,115,492,317.00,13115,64.00,253.00,-97.58
13,117,492,820.00,13117,156.00,664.00,-93.75
13,119,492,45.00,13119,22.00,23.00,-99.66
13,121,492,"4,660.00",13121,5.00,"4,655.00",-64.48
13,123,492,60.00,13123,181.00,-121.00,-99.54
13,127,492,289.00,13127,13.00,276.00,-97.80
13,129,492,163.00,13129,10.00,153.00,-98.76
13,131,492,53.00,13131,12.00,41.00,-99.60
13,133,492,25.00,13133,6.00,19.00,-99.81
13,135,492,"6,596.00",13135,9.00,"6,587.00",-49.78
13,137,492,112.00,13137,7.00,105.00,-99.15
13,139,492,948.00,13139,7.00,941.00,-92.78
13,141,492,12.00,13141,10.00,2.00,-99.91
13,143,492,95.00,13143,112.00,-17.00,-99.28
13,145,492,59.00,13145,145.00,-86.00,-99.55
13,147,492,71.00,13147,7.00,64.00,-99.46
13,149,492,30.00,13149,4.00,26.00,-99.77
13,151,492,"1,474.00",13151,38.00,"1,436.00",-88.79
13,153,492,612.00,13153,16.00,596.00,-95.35
13,155,492,15.00,13155,6.00,9.00,-99.89
13,157,492,368.00,13157,7.00,361.00,-97.20
13,159,492,41.00,13159,17.00,24.00,-99.69
13,161,492,13.00,13161,22.00,-9.00,-99.90
13,163,492,22.00,13163,9.00,13.00,-99.83
13,165,492,9.00,13165,3.00,6.00,-99.93
13,167,492,13.00,13167,0.00,13.00,-99.90
13,169,492,66.00,13169,32.00,34.00,-99.50
13,171,492,44.00,13171,4.00,40.00,-99.67
13,173,492,18.00,13173,9.00,9.00,-99.86
13,175,492,110.00,13175,11.00,99.00,-99.17
13,177,492,100.00,13177,11.00,89.00,-99.24
13,179,492,388.00,13179,58.00,330.00,-97.06
13,181,492,10.00,13181,64.00,-54.00,-99.92
13,183,492,69.00,13183,18.00,51.00,-99.48
13,185,492,368.00,13185,0.00,368.00,-97.21
13,187,492,115.00,13187,6.00,109.00,-99.13
13,189,492,63.00,13189,8.00,55.00,-99.52
13,191,492,28.00,13191,46.00,-18.00,-99.79
13,193,492,12.00,13193,8.00,4.00,-99.91
13,195,492,65.00,13195,66.00,-1.00,-99.51
13,197,492,9.00,13197,339.00,-330.00,-99.93
13,199,492,59.00,13199,24.00,35.00,-99.55
13,201,492,4.00,13201,55.00,-51.00,-99.97
13,205,492,40.00,13205,400.00,-360.00,-99.70
13,207,492,67.00,13207,3.00,64.00,-99.49
13,209,492,18.00,13209,65.00,-47.00,-99.86
13,211,492,32.00,13211,6.00,26.00,-99.76
13,213,492,106.00,13213,6.00,100.00,-99.20
13,215,492,711.00,13215,25.00,686.00,-94.62
13,217,492,762.00,13217,9.00,753.00,-94.23
13,219,492,61.00,13219,4.00,57.00,-99.54
13,221,492,36.00,13221,22.00,14.00,-99.73
13,223,492,"1,095.00",13223,48.00,"1,047.00",-91.72
13,225,492,58.00,13225,13.00,45.00,-99.56
13,227,492,110.00,13227,156.00,-46.00,-99.17
13,229,492,30.00,13229,6.00,24.00,-99.77
13,231,492,33.00,13231,8.00,25.00,-99.75
13,233,492,115.00,13233,7.00,108.00,-99.13
13,235,492,15.00,13235,7.00,8.00,-99.89
13,237,492,37.00,13237,10.00,27.00,-99.72
13,241,492,28.00,13241,7.00,21.00,-99.79
13,245,492,961.00,13245,10.00,951.00,-92.74
13,247,492,565.00,13247,10.00,555.00,-95.73
13,249,492,9.00,13249,0.00,9.00,-99.93
13,251,492,34.00,13251,14.00,20.00,-99.74
13,253,492,10.00,13253,5.00,5.00,-99.92
13,255,492,314.00,13255,6.00,308.00,-97.63
13,257,492,68.00,13257,102.00,-34.00,-99.49
13,261,492,50.00,13261,26.00,24.00,-99.62
13,263,492,19.00,13263,3.00,16.00,-99.86
13,267,492,30.00,13267,3.00,27.00,-99.77
13,269,492,8.00,13269,22.00,-14.00,-99.94
13,271,492,7.00,13271,5.00,2.00,-99.95
13,273,492,9.00,13273,35.00,-26.00,-99.93
13,275,492,91.00,13275,4.00,87.00,-99.31
13,277,492,98.00,13277,4.00,94.00,-99.26
13,279,492,47.00,13279,9.00,38.00,-99.65
13,281,492,17.00,13281,6.00,11.00,-99.87
13,283,492,6.00,13283,13.00,-7.00,-99.95
13,285,492,178.00,13285,4.00,174.00,-98.66
13,287,492,14.00,13287,36.00,-22.00,-99.89
13,289,492,22.00,13289,7.00,15.00,-99.83
13,291,492,57.00,13291,5.00,52.00,-99.57
13,293,492,73.00,13293,25.00,48.00,-99.45
13,295,492,253.00,13295,7.00,246.00,-98.10
13,297,492,412.00,13297,48.00,364.00,-96.90
13,299,492,76.00,13299,29.00,47.00,-99.43
13,301,492,9.00,13301,4.00,5.00,-99.93
13,303,492,54.00,13303,4.00,50.00,-99.59
13,305,492,90.00,13305,8.00,82.00,-99.32
13,307,492,5.00,13307,186.00,-181.00,-99.96
13,311,492,74.00,13311,16.00,58.00,-99.44
13,313,492,300.00,13313,3.00,297.00,-97.75
13,317,492,12.00,13317,18.00,-6.00,-99.91
13,319,492,11.00,13319,29.00,-18.00,-99.92
13,321,492,32.00,13321,"8,780.00","-8,748.00",-99.76
15,1,492,273.00,15001,3.00,270.00,-98.18
15,3,492,"2,519.00",15003,6.00,"2,513.00",-83.21
15,7,492,61.00,15007,104.00,-43.00,-99.59
15,9,492,292.00,15009,8.00,284.00,-98.05
16,1,492,"2,463.00",16001,20.00,"2,443.00",-84.61
16,3,492,4.00,16003,"1,331.00","-1,327.00",-99.98
16,5,492,328.00,16005,14.00,314.00,-97.95
16,7,492,8.00,16007,7.00,1.00,-99.95
16,9,492,17.00,16009,25.00,-8.00,-99.89
16,11,492,143.00,16011,11.00,132.00,-99.11
16,13,492,13.00,16013,9.00,4.00,-99.92
16,15,492,19.00,16015,31.00,-12.00,-99.88
16,17,492,93.00,16017,6.00,87.00,-99.42
16,19,492,650.00,16019,24.00,626.00,-95.94
16,21,492,25.00,16021,15.00,10.00,-99.84
16,23,492,4.00,16023,19.00,-15.00,-99.98
16,27,492,"1,309.00",16027,27.00,"1,282.00",-91.83
16,29,492,6.00,16029,8.00,-2.00,-99.96
16,31,492,68.00,16031,14.00,54.00,-99.58
16,35,492,11.00,16035,4.00,7.00,-99.93
16,37,492,8.00,16037,558.00,-550.00,-99.95
16,39,492,110.00,16039,58.00,52.00,-99.31
16,41,492,15.00,16041,164.00,-149.00,-99.91
16,43,492,20.00,16043,20.00,0.00,-99.88
16,45,492,50.00,16045,775.00,-725.00,-99.69
16,47,492,11.00,16047,81.00,-70.00,-99.93
16,49,492,19.00,16049,4.00,15.00,-99.88
16,51,492,49.00,16051,13.00,36.00,-99.69
16,53,492,51.00,16053,24.00,27.00,-99.68
16,55,492,796.00,16055,13.00,783.00,-95.04
16,57,492,170.00,16057,25.00,145.00,-98.94
16,59,492,8.00,16059,331.00,-323.00,-99.95
16,61,492,5.00,16061,121.00,-116.00,-99.97
16,63,492,7.00,16063,45.00,-38.00,-99.96
16,65,492,203.00,16065,18.00,185.00,-98.74
16,67,492,32.00,16067,213.00,-181.00,-99.80
16,69,492,117.00,16069,13.00,104.00,-99.27
16,71,492,4.00,16071,4.00,0.00,-99.98
16,73,492,36.00,16073,6.00,30.00,-99.78
16,75,492,66.00,16075,9.00,57.00,-99.59
16,77,492,0.00,16077,3.00,-3.00,-100.00
16,79,492,14.00,16079,23.00,-9.00,-99.91
16,81,492,5.00,16081,8.00,-3.00,-99.97
16,83,492,262.00,16083,16.00,246.00,-98.37
16,85,492,11.00,16085,3.00,8.00,-99.93
16,87,492,15.00,16087,16.00,-1.00,-99.91
17,1,492,152.00,17001,122.00,30.00,-99.11
17,5,492,28.00,17005,10.00,18.00,-99.84
17,7,492,160.00,17007,7.00,153.00,-99.06
17,9,492,3.00,17009,13.00,-10.00,-99.98
17,11,492,80.00,17011,15.00,65.00,-99.53
17,13,492,5.00,17013,5.00,0.00,-99.97
17,15,492,14.00,17015,102.00,-88.00,-99.92
17,17,492,28.00,17017,213.00,-185.00,-99.84
17,19,492,804.00,17019,5.00,799.00,-95.28
17,21,492,83.00,17021,166.00,-83.00,-99.51
17,23,492,24.00,17023,6.00,18.00,-99.86
17,25,492,21.00,17025,3.00,18.00,-99.88
17,27,492,64.00,17027,30.00,34.00,-99.62
17,29,492,152.00,17029,67.00,85.00,-99.11
17,31,492,"23,979.00",17031,3.00,"23,976.00",40.80
17,33,492,29.00,17033,38.00,-9.00,-99.83
17,35,492,7.00,17035,6.00,1.00,-99.96
17,37,492,325.00,17037,6.00,319.00,-98.09
17,39,492,31.00,17039,3.00,28.00,-99.82
17,41,492,44.00,17041,3.00,41.00,-99.74
17,43,492,"4,005.00",17043,14.00,"3,991.00",-76.50
17,45,492,40.00,17045,833.00,-793.00,-99.77
17,47,492,4.00,17047,22.00,-18.00,-99.98
17,49,492,85.00,17049,269.00,-184.00,-99.50
17,51,492,31.00,17051,21.00,10.00,-99.82
17,53,492,23.00,17053,33.00,-10.00,-99.87
17,55,492,66.00,17055,385.00,-319.00,-99.61
17,57,492,46.00,17057,38.00,8.00,-99.73
17,59,492,3.00,17059,3.00,0.00,-99.98
17,61,492,24.00,17061,4.00,20.00,-99.86
17,63,492,172.00,17063,47.00,125.00,-98.99
17,65,492,6.00,17065,7.00,-1.00,-99.96
17,67,492,9.00,17067,7.00,2.00,-99.95
17,71,492,3.00,17071,17.00,-14.00,-99.98
17,73,492,63.00,17073,119.00,-56.00,-99.63
17,75,492,32.00,17075,4.00,28.00,-99.81
17,77,492,151.00,17077,19.00,132.00,-99.12
17,81,492,75.00,17081,16.00,59.00,-99.56
17,83,492,54.00,17083,31.00,23.00,-99.68
17,85,492,32.00,17085,12.00,20.00,-99.81
17,87,492,17.00,17087,29.00,-12.00,-99.90
17,89,492,"2,205.00",17089,64.00,"2,141.00",-87.10
17,91,492,331.00,17091,12.00,319.00,-98.06
17,93,492,654.00,17093,126.00,528.00,-96.17
17,95,492,130.00,17095,11.00,119.00,-99.24
17,97,492,"2,650.00",17097,54.00,"2,596.00",-84.50
17,99,492,330.00,17099,7.00,323.00,-98.07
17,101,492,13.00,17101,4.00,9.00,-99.92
17,103,492,66.00,17103,22.00,44.00,-99.61
17,105,492,71.00,17105,17.00,54.00,-99.58
17,107,492,75.00,17107,7.00,68.00,-99.56
17,109,492,125.00,17109,459.00,-334.00,-99.27
17,111,492,"1,309.00",17111,74.00,"1,235.00",-92.35
17,113,492,629.00,17113,21.00,608.00,-96.32
17,115,492,370.00,17115,220.00,150.00,-97.84
17,117,492,92.00,17117,27.00,65.00,-99.46
17,119,492,"1,306.00",17119,57.00,"1,249.00",-92.37
17,121,492,106.00,17121,24.00,82.00,-99.38
17,123,492,12.00,17123,17.00,-5.00,-99.93
17,125,492,20.00,17125,9.00,11.00,-99.88
17,127,492,36.00,17127,10.00,26.00,-99.79
17,129,492,11.00,17129,9.00,2.00,-99.94
17,131,492,11.00,17131,12.00,-1.00,-99.94
17,133,492,96.00,17133,219.00,-123.00,-99.44
17,135,492,32.00,17135,6.00,26.00,-99.81
17,137,492,118.00,17137,39.00,79.00,-99.31
17,139,492,17.00,17139,27.00,-10.00,-99.90
17,141,492,100.00,17141,422.00,-322.00,-99.42
17,143,492,733.00,17143,47.00,686.00,-95.72
17,145,492,21.00,17145,33.00,-12.00,-99.88
17,147,492,22.00,17147,97.00,-75.00,-99.87
17,149,492,15.00,17149,"1,887.00","-1,872.00",-99.91
17,151,492,5.00,17151,32.00,-27.00,-99.97
17,153,492,5.00,17153,4.00,1.00,-99.97
17,155,492,5.00,17155,15.00,-10.00,-99.97
17,157,492,31.00,17157,125.00,-94.00,-99.82
17,159,492,39.00,17159,25.00,14.00,-99.77
17,161,492,560.00,17161,64.00,496.00,-96.74
17,163,492,"1,484.00",17163,8.00,"1,476.00",-91.35
17,165,492,45.00,17165,41.00,4.00,-99.74
17,167,492,668.00,17167,4.00,664.00,-96.11
17,169,492,7.00,17169,11.00,-4.00,-99.96
17,171,492,8.00,17171,14.00,-6.00,-99.95
17,173,492,25.00,17173,11.00,14.00,-99.85
17,175,492,3.00,17175,3.00,0.00,-99.98
17,177,492,101.00,17177,128.00,-27.00,-99.41
17,179,492,508.00,17179,19.00,489.00,-97.04
17,181,492,19.00,17181,3.00,16.00,-99.89
17,183,492,211.00,17183,21.00,190.00,-98.77
17,185,492,12.00,17185,19.00,-7.00,-99.93
17,187,492,25.00,17187,11.00,14.00,-99.85
17,189,492,15.00,17189,279.00,-264.00,-99.91
17,191,492,24.00,17191,14.00,10.00,-99.86
17,193,492,13.00,17193,33.00,-20.00,-99.92
17,195,492,131.00,17195,10.00,121.00,-99.24
17,197,492,"2,999.00",17197,5.00,"2,994.00",-82.56
17,199,492,180.00,17199,16.00,164.00,-98.95
17,201,492,"1,192.00",17201,6.00,"1,186.00",-93.07
17,203,492,61.00,17203,5.00,56.00,-99.65
18,1,492,62.00,18001,111.00,-49.00,-99.66
18,3,492,"1,855.00",18003,8.00,"1,847.00",-89.70
18,5,492,342.00,18005,141.00,201.00,-98.10
18,7,492,17.00,18007,4.00,13.00,-99.91
18,9,492,20.00,18009,48.00,-28.00,-99.89
18,11,492,273.00,18011,13.00,260.00,-98.48
18,13,492,36.00,18013,4.00,32.00,-99.80
18,15,492,49.00,18015,38.00,11.00,-99.73
18,17,492,94.00,18017,18.00,76.00,-99.48
18,19,492,653.00,18019,37.00,616.00,-96.38
18,21,492,75.00,18021,18.00,57.00,-99.58
18,23,492,97.00,18023,4.00,93.00,-99.46
18,25,492,21.00,18025,29.00,-8.00,-99.88
18,27,492,97.00,18027,7.00,90.00,-99.46
18,29,492,138.00,18029,5.00,133.00,-99.23
18,31,492,61.00,18031,9.00,52.00,-99.66
18,33,492,174.00,18033,67.00,107.00,-99.04
18,35,492,403.00,18035,13.00,390.00,-97.77
18,37,492,162.00,18037,8.00,154.00,-99.10
18,39,492,837.00,18039,9.00,828.00,-95.36
18,41,492,57.00,18041,4.00,53.00,-99.68
18,43,492,307.00,18043,7.00,300.00,-98.30
18,45,492,26.00,18045,7.00,19.00,-99.86
18,47,492,32.00,18047,11.00,21.00,-99.82
18,49,492,42.00,18049,4.00,38.00,-99.77
18,51,492,99.00,18051,7.00,92.00,-99.45
18,53,492,154.00,18053,28.00,126.00,-99.15
18,55,492,61.00,18055,6.00,55.00,-99.66
18,57,492,"2,117.00",18057,4.00,"2,113.00",-88.28
18,59,492,375.00,18059,3.00,372.00,-97.92
18,61,492,90.00,18061,5.00,85.00,-99.50
18,63,492,"1,261.00",18063,14.00,"1,247.00",-93.02
18,65,492,131.00,18065,6.00,125.00,-99.27
18,67,492,300.00,18067,49.00,251.00,-98.34
18,69,492,134.00,18069,6.00,128.00,-99.26
18,71,492,122.00,18071,11.00,111.00,-99.32
18,73,492,75.00,18073,4.00,71.00,-99.59
18,75,492,37.00,18075,71.00,-34.00,-99.80
18,77,492,92.00,18077,4.00,88.00,-99.49
18,79,492,80.00,18079,10.00,70.00,-99.56
18,81,492,941.00,18081,10.00,931.00,-94.80
18,83,492,137.00,18083,3.00,134.00,-99.24
18,85,492,212.00,18085,8.00,204.00,-98.83
18,87,492,54.00,18087,6.00,48.00,-99.70
18,89,492,"2,086.00",18089,3.00,"2,083.00",-88.47
18,91,492,317.00,18091,14.00,303.00,-98.25
18,93,492,139.00,18093,4.00,135.00,-99.23
18,95,492,521.00,18095,9.00,512.00,-97.12
18,97,492,"6,665.00",18097,4.00,"6,661.00",-63.17
18,99,492,95.00,18099,3.00,92.00,-99.48
18,101,492,23.00,18101,4.00,19.00,-99.87
18,103,492,79.00,18103,7.00,72.00,-99.56
18,105,492,560.00,18105,9.00,551.00,-96.91
18,107,492,108.00,18107,21.00,87.00,-99.40
18,109,492,270.00,18109,9.00,261.00,-98.51
18,111,492,26.00,18111,110.00,-84.00,-99.86
18,113,492,148.00,18113,9.00,139.00,-99.18
18,115,492,6.00,18115,4.00,2.00,-99.97
18,117,492,18.00,18117,3.00,15.00,-99.90
18,119,492,47.00,18119,7.00,40.00,-99.74
18,121,492,22.00,18121,168.00,-146.00,-99.88
18,123,492,65.00,18123,10.00,55.00,-99.64
18,125,492,23.00,18125,3.00,20.00,-99.87
18,127,492,606.00,18127,9.00,597.00,-96.66
18,129,492,48.00,18129,5.00,43.00,-99.74
18,131,492,11.00,18131,14.00,-3.00,-99.94
18,133,492,103.00,18133,21.00,82.00,-99.43
18,135,492,47.00,18135,9.00,38.00,-99.74
18,137,492,41.00,18137,5.00,36.00,-99.77
18,139,492,37.00,18139,4.00,33.00,-99.80
18,141,492,951.00,18141,3.00,948.00,-94.76
18,143,492,132.00,18143,17.00,115.00,-99.27
18,145,492,172.00,18145,4.00,168.00,-99.05
18,147,492,24.00,18147,4.00,20.00,-99.87
18,149,492,43.00,18149,4.00,39.00,-99.76
18,151,492,68.00,18151,4.00,64.00,-99.63
18,153,492,30.00,18153,403.00,-373.00,-99.83
18,155,492,21.00,18155,80.00,-59.00,-99.88
18,157,492,827.00,18157,3.00,824.00,-95.45
18,159,492,29.00,18159,5.00,24.00,-99.84
18,161,492,22.00,18161,110.00,-88.00,-99.88
18,163,492,833.00,18163,4.00,829.00,-95.41
18,165,492,25.00,18165,4.00,21.00,-99.86
18,167,492,383.00,18167,46.00,337.00,-97.89
18,169,492,55.00,18169,3.00,52.00,-99.70
18,171,492,19.00,18171,5.00,14.00,-99.90
18,173,492,212.00,18173,22.00,190.00,-98.83
18,175,492,71.00,18175,30.00,41.00,-99.61
18,177,492,257.00,18177,7.00,250.00,-98.59
18,179,492,96.00,18179,27.00,69.00,-99.47
18,181,492,59.00,18181,3.00,56.00,-99.68
18,183,492,86.00,18183,12.00,74.00,-99.53
19,1,492,5.00,19001,38.00,-33.00,-99.97
19,5,492,6.00,19005,8.00,-2.00,-99.97
19,7,492,4.00,19007,5.00,-1.00,-99.98
19,11,492,45.00,19011,8.00,37.00,-99.76
19,13,492,403.00,19013,7.00,396.00,-97.88
19,15,492,77.00,19015,11.00,66.00,-99.60
19,17,492,29.00,19017,9.00,20.00,-99.85
19,19,492,26.00,19019,37.00,-11.00,-99.86
19,21,492,38.00,19021,3.00,35.00,-99.80
19,23,492,9.00,19023,3.00,6.00,-99.95
19,25,492,9.00,19025,3.00,6.00,-99.95
19,27,492,34.00,19027,4.00,30.00,-99.82
19,29,492,18.00,19029,5.00,13.00,-99.91
19,31,492,18.00,19031,8.00,10.00,-99.91
19,33,492,113.00,19033,11.00,102.00,-99.41
19,37,492,10.00,19037,5.00,5.00,-99.95
19,39,492,12.00,19039,90.00,-78.00,-99.94
19,41,492,44.00,19041,28.00,16.00,-99.77
19,43,492,9.00,19043,0.00,9.00,-99.95
19,45,492,131.00,19045,15.00,116.00,-99.31
19,47,492,13.00,19047,16.00,-3.00,-99.93
19,49,492,445.00,19049,13.00,432.00,-97.66
19,51,492,5.00,19051,24.00,-19.00,-99.97
19,55,492,14.00,19055,3.00,11.00,-99.93
19,57,492,92.00,19057,4.00,88.00,-99.52
19,59,492,27.00,19059,3.00,24.00,-99.86
19,61,492,388.00,19061,17.00,371.00,-97.96
19,63,492,7.00,19063,5.00,2.00,-99.96
19,65,492,34.00,19065,16.00,18.00,-99.82
19,67,492,19.00,19067,736.00,-717.00,-99.90
19,69,492,9.00,19069,4.00,5.00,-99.95
19,71,492,6.00,19071,6.00,0.00,-99.97
19,73,492,6.00,19073,3.00,3.00,-99.97
19,75,492,8.00,19075,8.00,0.00,-99.96
19,77,492,14.00,19077,6.00,8.00,-99.93
19,79,492,17.00,19079,52.00,-35.00,-99.91
19,81,492,15.00,19081,3.00,12.00,-99.92
19,83,492,8.00,19083,6.00,2.00,-99.96
19,85,492,14.00,19085,15.00,-1.00,-99.93
19,87,492,32.00,19087,4.00,28.00,-99.83
19,91,492,3.00,19091,20.00,-17.00,-99.98
19,95,492,18.00,19095,5.00,13.00,-99.91
19,97,492,33.00,19097,14.00,19.00,-99.83
19,99,492,84.00,19099,4.00,80.00,-99.56
19,101,492,11.00,19101,3.00,8.00,-99.94
19,103,492,652.00,19103,3.00,649.00,-96.59
19,105,492,21.00,19105,9.00,12.00,-99.89
19,107,492,5.00,19107,4.00,1.00,-99.97
19,109,492,9.00,19109,6.00,3.00,-99.95
19,111,492,78.00,19111,7.00,71.00,-99.59
19,113,492,889.00,19113,23.00,866.00,-95.35
19,115,492,10.00,19115,4.00,6.00,-99.95
19,117,492,13.00,19117,28.00,-15.00,-99.93
19,119,492,0.00,19119,5.00,-5.00,-100.00
19,121,492,36.00,19121,3.00,33.00,-99.81
19,123,492,52.00,19123,32.00,20.00,-99.73
19,125,492,52.00,19125,295.00,-243.00,-99.73
19,127,492,102.00,19127,5.00,97.00,-99.47
19,129,492,27.00,19129,102.00,-75.00,-99.86
19,131,492,5.00,19131,3.00,2.00,-99.97
19,133,492,14.00,19133,3.00,11.00,-99.93
19,135,492,8.00,19135,5.00,3.00,-99.96
19,137,492,5.00,19137,8.00,-3.00,-99.97
19,139,492,115.00,19139,7.00,108.00,-99.40
19,141,492,6.00,19141,3.00,3.00,-99.97
19,143,492,3.00,19143,3.00,0.00,-99.98
19,145,492,11.00,19145,0.00,11.00,-99.94
19,147,492,8.00,19147,174.00,-166.00,-99.96
19,149,492,32.00,19149,6.00,26.00,-99.83
19,151,492,0.00,19151,7.00,-7.00,-100.00
19,153,492,"2,736.00",19153,13.00,"2,723.00",-85.72
19,155,492,343.00,19155,24.00,319.00,-98.21
19,157,492,23.00,19157,5.00,18.00,-99.88
19,161,492,5.00,19161,3.00,2.00,-99.97
19,163,492,608.00,19163,155.00,453.00,-96.83
19,165,492,9.00,19165,10.00,-1.00,-99.95
19,167,492,22.00,19167,30.00,-8.00,-99.89
19,169,492,325.00,19169,5.00,320.00,-98.30
19,171,492,14.00,19171,3.00,11.00,-99.93
19,175,492,17.00,19175,7.00,10.00,-99.91
19,177,492,4.00,19177,15.00,-11.00,-99.98
19,179,492,94.00,19179,97.00,-3.00,-99.51
19,181,492,182.00,19181,7.00,175.00,-99.05
19,183,492,18.00,19183,3.00,15.00,-99.91
19,185,492,5.00,19185,7.00,-2.00,-99.97
19,187,492,96.00,19187,99.00,-3.00,-99.50
19,189,492,6.00,19189,3.00,3.00,-99.97
19,191,492,12.00,19191,7.00,5.00,-99.94
19,193,492,384.00,19193,5.00,379.00,-98.00
19,195,492,14.00,19195,20.00,-6.00,-99.93
19,197,492,5.00,19197,16.00,-11.00,-99.97
20,1,492,22.00,20001,3.00,19.00,-99.89
20,3,492,13.00,20003,35.00,-22.00,-99.94
20,5,492,37.00,20005,7.00,30.00,-99.82
20,9,492,31.00,20009,7.00,24.00,-99.85
20,11,492,34.00,20011,8.00,26.00,-99.83
20,13,492,7.00,20013,363.00,-356.00,-99.97
20,15,492,165.00,20015,3.00,162.00,-99.18
20,19,492,7.00,20019,26.00,-19.00,-99.97
20,21,492,32.00,20021,18.00,14.00,-99.84
20,23,492,3.00,20023,7.00,-4.00,-99.99
20,27,492,3.00,20027,8.00,-5.00,-99.99
20,29,492,8.00,20029,15.00,-7.00,-99.96
20,31,492,8.00,20031,11.00,-3.00,-99.96
20,33,492,4.00,20033,8.00,-4.00,-99.98
20,35,492,45.00,20035,7.00,38.00,-99.78
20,37,492,94.00,20037,24.00,70.00,-99.53
20,41,492,30.00,20041,5.00,25.00,-99.85
20,43,492,18.00,20043,48.00,-30.00,-99.91
20,45,492,496.00,20045,15.00,481.00,-97.53
20,51,492,103.00,20051,3.00,100.00,-99.49
20,53,492,7.00,20053,17.00,-10.00,-99.97
20,55,492,62.00,20055,22.00,40.00,-99.69
20,57,492,51.00,20057,9.00,42.00,-99.75
20,59,492,66.00,20059,13.00,53.00,-99.67
20,61,492,200.00,20061,5.00,195.00,-99.00
20,63,492,4.00,20063,"1,175.00","-1,171.00",-99.98
20,65,492,4.00,20065,31.00,-27.00,-99.98
20,67,492,4.00,20067,18.00,-14.00,-99.98
20,69,492,4.00,20069,236.00,-232.00,-99.98
20,71,492,5.00,20071,16.00,-11.00,-99.98
20,73,492,6.00,20073,14.00,-8.00,-99.97
20,77,492,3.00,20077,8.00,-5.00,-99.99
20,79,492,77.00,20079,33.00,44.00,-99.62
20,81,492,0.00,20081,13.00,-13.00,-100.00
20,85,492,26.00,20085,5.00,21.00,-99.87
20,87,492,33.00,20087,9.00,24.00,-99.84
20,91,492,"3,249.00",20091,11.00,"3,238.00",-83.83
20,93,492,6.00,20093,7.00,-1.00,-99.97
20,95,492,3.00,20095,4.00,-1.00,-99.99
20,97,492,3.00,20097,6.00,-3.00,-99.99
20,99,492,20.00,20099,10.00,10.00,-99.90
20,101,492,6.00,20101,4.00,2.00,-99.97
20,103,492,257.00,20103,40.00,217.00,-98.72
20,107,492,12.00,20107,10.00,2.00,-99.94
20,111,492,68.00,20111,4.00,64.00,-99.66
20,113,492,103.00,20113,58.00,45.00,-99.49
20,115,492,12.00,20115,0.00,12.00,-99.94
20,117,492,10.00,20117,12.00,-2.00,-99.95
20,119,492,3.00,20119,11.00,-8.00,-99.99
20,121,492,77.00,20121,14.00,63.00,-99.62
20,123,492,7.00,20123,6.00,1.00,-99.97
20,125,492,55.00,20125,13.00,42.00,-99.73
20,127,492,4.00,20127,13.00,-9.00,-99.98
20,129,492,3.00,20129,3.00,0.00,-99.99
20,131,492,7.00,20131,10.00,-3.00,-99.97
20,133,492,24.00,20133,6.00,18.00,-99.88
20,137,492,3.00,20137,24.00,-21.00,-99.99
20,139,492,13.00,20139,5.00,8.00,-99.94
20,147,492,5.00,20147,6.00,-1.00,-99.98
20,149,492,41.00,20149,38.00,3.00,-99.80
20,151,492,7.00,20151,3.00,4.00,-99.97
20,155,492,150.00,20155,8.00,142.00,-99.26
20,159,492,7.00,20159,42.00,-35.00,-99.97
20,161,492,244.00,20161,38.00,206.00,-98.79
20,163,492,4.00,20163,4.00,0.00,-99.98
20,165,492,6.00,20165,7.00,-1.00,-99.97
20,167,492,8.00,20167,28.00,-20.00,-99.96
20,169,492,151.00,20169,26.00,125.00,-99.25
20,171,492,5.00,20171,6.00,-1.00,-99.98
20,173,492,"1,970.00",20173,23.00,"1,947.00",-90.23
20,175,492,24.00,20175,4.00,20.00,-99.88
20,177,492,567.00,20177,10.00,557.00,-97.19
20,181,492,6.00,20181,3.00,3.00,-99.97
20,183,492,5.00,20183,74.00,-69.00,-99.98
20,191,492,38.00,20191,10.00,28.00,-99.81
20,193,492,5.00,20193,6.00,-1.00,-99.98
20,197,492,4.00,20197,5.00,-1.00,-99.98
20,201,492,4.00,20201,5.00,-1.00,-99.98
20,205,492,6.00,20205,9.00,-3.00,-99.97
20,207,492,3.00,20207,20.00,-17.00,-99.99
20,209,492,884.00,20209,31.00,853.00,-95.63
21,1,492,42.00,21001,9.00,33.00,-99.80
21,3,492,55.00,21003,64.00,-9.00,-99.74
21,5,492,107.00,21005,15.00,92.00,-99.49
21,7,492,12.00,21007,13.00,-1.00,-99.94
21,9,492,145.00,21009,5.00,140.00,-99.31
21,11,492,18.00,21011,67.00,-49.00,-99.91
21,13,492,51.00,21013,125.00,-74.00,-99.76
21,15,492,786.00,21015,107.00,679.00,-96.26
21,17,492,46.00,21017,3.00,43.00,-99.78
21,19,492,185.00,21019,3.00,182.00,-99.12
21,21,492,104.00,21021,6.00,98.00,-99.51
21,23,492,15.00,21023,12.00,3.00,-99.93
21,25,492,16.00,21025,354.00,-338.00,-99.92
21,27,492,50.00,21027,7.00,43.00,-99.76
21,29,492,423.00,21029,11.00,412.00,-97.99
21,31,492,24.00,21031,7.00,17.00,-99.89
21,33,492,24.00,21033,9.00,15.00,-99.89
21,35,492,129.00,21035,43.00,86.00,-99.39
21,37,492,334.00,21037,5.00,329.00,-98.41
21,39,492,8.00,21039,4.00,4.00,-99.96
21,41,492,21.00,21041,405.00,-384.00,-99.90
21,43,492,30.00,21043,9.00,21.00,-99.86
21,45,492,36.00,21045,230.00,-194.00,-99.83
21,47,492,281.00,21047,36.00,245.00,-98.66
21,49,492,158.00,21049,12.00,146.00,-99.25
21,51,492,39.00,21051,96.00,-57.00,-99.81
21,53,492,15.00,21053,0.00,15.00,-99.93
21,55,492,7.00,21055,8.00,-1.00,-99.97
21,57,492,6.00,21057,292.00,-286.00,-99.97
21,59,492,444.00,21059,67.00,377.00,-97.89
21,61,492,29.00,21061,12.00,17.00,-99.86
21,63,492,8.00,21063,11.00,-3.00,-99.96
21,65,492,16.00,21065,45.00,-29.00,-99.92
21,67,492,"1,740.00",21067,10.00,"1,730.00",-91.74
21,69,492,27.00,21069,20.00,7.00,-99.87
21,71,492,65.00,21071,43.00,22.00,-99.69
21,73,492,260.00,21073,4.00,256.00,-98.77
21,75,492,19.00,21075,5.00,14.00,-99.91
21,77,492,22.00,21077,44.00,-22.00,-99.90
21,79,492,61.00,21079,35.00,26.00,-99.71
21,81,492,88.00,21081,42.00,46.00,-99.58
21,83,492,106.00,21083,8.00,98.00,-99.50
21,85,492,77.00,21085,182.00,-105.00,-99.63
21,87,492,18.00,21087,51.00,-33.00,-99.91
21,89,492,118.00,21089,60.00,58.00,-99.44
21,91,492,21.00,21091,3.00,18.00,-99.90
21,93,492,465.00,21093,23.00,442.00,-97.80
21,95,492,18.00,21095,10.00,8.00,-99.91
21,97,492,53.00,21097,10.00,43.00,-99.75
21,99,492,46.00,21099,16.00,30.00,-99.78
21,101,492,157.00,21101,18.00,139.00,-99.26
21,103,492,37.00,21103,0.00,37.00,-99.82
21,105,492,11.00,21105,10.00,1.00,-99.95
21,107,492,132.00,21107,3.00,129.00,-99.37
21,109,492,29.00,21109,45.00,-16.00,-99.86
21,111,492,"5,266.00",21111,26.00,"5,240.00",-75.06
21,113,492,261.00,21113,135.00,126.00,-98.76
21,115,492,71.00,21115,12.00,59.00,-99.66
21,117,492,824.00,21117,31.00,793.00,-96.10
21,119,492,19.00,21119,57.00,-38.00,-99.91
21,121,492,69.00,21121,22.00,47.00,-99.67
21,123,492,42.00,21123,21.00,21.00,-99.80
21,125,492,210.00,21125,27.00,183.00,-99.01
21,127,492,22.00,21127,79.00,-57.00,-99.90
21,129,492,8.00,21129,8.00,0.00,-99.96
21,131,492,9.00,21131,18.00,-9.00,-99.96
21,133,492,12.00,21133,21.00,-9.00,-99.94
21,135,492,13.00,21135,16.00,-3.00,-99.94
21,137,492,64.00,21137,16.00,48.00,-99.70
21,139,492,17.00,21139,84.00,-67.00,-99.92
21,141,492,86.00,21141,35.00,51.00,-99.59
21,143,492,14.00,21143,569.00,-555.00,-99.93
21,145,492,251.00,21145,"1,321.00","-1,070.00",-98.81
21,147,492,23.00,21147,49.00,-26.00,-99.89
21,149,492,7.00,21149,21.00,-14.00,-99.97
21,151,492,481.00,21151,88.00,393.00,-97.73
21,153,492,16.00,21153,49.00,-33.00,-99.92
21,155,492,47.00,21155,158.00,-111.00,-99.78
21,157,492,61.00,21157,9.00,52.00,-99.71
21,159,492,9.00,21159,211.00,-202.00,-99.96
21,161,492,23.00,21161,18.00,5.00,-99.89
21,163,492,100.00,21163,167.00,-67.00,-99.53
21,165,492,18.00,21165,380.00,-362.00,-99.91
21,167,492,74.00,21167,4.00,70.00,-99.65
21,169,492,0.00,21169,"1,746.00","-1,746.00",-100.00
21,171,492,11.00,21171,"2,022.00","-2,011.00",-99.95
21,173,492,89.00,21173,31.00,58.00,-99.58
21,175,492,8.00,21175,41.00,-33.00,-99.96
21,177,492,91.00,21177,11.00,80.00,-99.57
21,179,492,145.00,21179,21.00,124.00,-99.32
21,181,492,12.00,21181,93.00,-81.00,-99.94
21,183,492,61.00,21183,64.00,-3.00,-99.71
21,185,492,170.00,21185,30.00,140.00,-99.20
21,187,492,30.00,21187,707.00,-677.00,-99.86
21,189,492,6.00,21189,127.00,-121.00,-99.97
21,191,492,35.00,21191,65.00,-30.00,-99.83
21,193,492,66.00,21193,439.00,-373.00,-99.69
21,195,492,123.00,21195,8.00,115.00,-99.42
21,197,492,30.00,21197,914.00,-884.00,-99.86
21,199,492,221.00,21199,44.00,177.00,-98.96
21,203,492,47.00,21203,342.00,-295.00,-99.78
21,205,492,85.00,21205,63.00,22.00,-99.60
21,207,492,19.00,21207,"1,723.00","-1,704.00",-99.91
21,209,492,255.00,21209,15.00,240.00,-98.80
21,211,492,179.00,21211,719.00,-540.00,-99.16
21,213,492,90.00,21213,502.00,-412.00,-99.58
21,215,492,52.00,21215,"1,364.00","-1,312.00",-99.75
21,217,492,41.00,21217,858.00,-817.00,-99.81
21,219,492,16.00,21219,4.00,12.00,-99.92
21,221,492,23.00,21221,8.00,15.00,-99.89
21,223,492,34.00,21223,120.00,-86.00,-99.84
21,225,492,0.00,21225,26.00,-26.00,-100.00
21,227,492,584.00,21227,20.00,564.00,-97.25
21,229,492,26.00,21229,11.00,15.00,-99.88
21,231,492,38.00,21231,6.00,32.00,-99.82
21,233,492,7.00,21233,60.00,-53.00,-99.97
21,235,492,88.00,21235,61.00,27.00,-99.59
21,237,492,7.00,21237,13.00,-6.00,-99.97
21,239,492,78.00,21239,115.00,-37.00,-99.63
22,1,492,158.00,22001,35.00,123.00,-99.28
22,3,492,12.00,22003,115.00,-103.00,-99.95
22,5,492,411.00,22005,20.00,391.00,-98.13
22,7,492,32.00,22007,14.00,18.00,-99.85
22,9,492,28.00,22009,8.00,20.00,-99.87
22,11,492,73.00,22011,20.00,53.00,-99.67
22,13,492,16.00,22013,13.00,3.00,-99.93
22,15,492,464.00,22015,68.00,396.00,-97.89
22,17,492,915.00,22017,29.00,886.00,-95.84
22,19,492,623.00,22019,12.00,611.00,-97.17
22,21,492,14.00,22021,28.00,-14.00,-99.94
22,23,492,12.00,22023,127.00,-115.00,-99.95
22,25,492,7.00,22025,21.00,-14.00,-99.97
22,27,492,10.00,22027,332.00,-322.00,-99.95
22,29,492,29.00,22029,15.00,14.00,-99.87
22,31,492,35.00,22031,4.00,31.00,-99.84
22,33,492,"1,638.00",22033,115.00,"1,523.00",-92.57
22,37,492,38.00,22037,25.00,13.00,-99.83
22,39,492,28.00,22039,17.00,11.00,-99.87
22,41,492,19.00,22041,19.00,0.00,-99.91
22,43,492,35.00,22043,9.00,26.00,-99.84
22,45,492,191.00,22045,321.00,-130.00,-99.13
22,47,492,53.00,22047,73.00,-20.00,-99.76
22,49,492,10.00,22049,8.00,2.00,-99.95
22,51,492,"1,422.00",22051,8.00,"1,414.00",-93.55
22,53,492,94.00,22053,52.00,42.00,-99.57
22,55,492,"1,155.00",22055,129.00,"1,026.00",-94.76
22,57,492,181.00,22057,279.00,-98.00,-99.18
22,59,492,0.00,22059,12.00,-12.00,-100.00
22,61,492,112.00,22061,"1,241.00","-1,129.00",-99.49
22,63,492,570.00,22063,7.00,563.00,-97.42
22,65,492,7.00,22065,46.00,-39.00,-99.97
22,67,492,31.00,22067,4.00,27.00,-99.86
22,69,492,104.00,22069,59.00,45.00,-99.53
22,71,492,886.00,22071,119.00,767.00,-95.99
22,73,492,452.00,22073,4.00,448.00,-97.95
22,75,492,26.00,22075,"1,091.00","-1,065.00",-99.88
22,77,492,33.00,22077,18.00,15.00,-99.85
22,79,492,302.00,22079,24.00,278.00,-98.63
22,81,492,16.00,22081,20.00,-4.00,-99.93
22,83,492,18.00,22083,23.00,-5.00,-99.92
22,85,492,26.00,22085,8.00,18.00,-99.88
22,87,492,136.00,22087,101.00,35.00,-99.38
22,89,492,155.00,22089,4.00,151.00,-99.30
22,91,492,25.00,22091,91.00,-66.00,-99.89
22,93,492,28.00,22093,60.00,-32.00,-99.87
22,95,492,154.00,22095,9.00,145.00,-99.30
22,97,492,209.00,22097,176.00,33.00,-99.05
22,99,492,153.00,22099,31.00,122.00,-99.31
22,101,492,124.00,22101,"1,162.00","-1,038.00",-99.44
22,103,492,926.00,22103,9.00,917.00,-95.81
22,105,492,446.00,22105,16.00,430.00,-97.98
22,109,492,275.00,22109,11.00,264.00,-98.76
22,111,492,23.00,22111,5.00,18.00,-99.90
22,113,492,190.00,22113,36.00,154.00,-99.14
22,115,492,164.00,22115,414.00,-250.00,-99.26
22,117,492,64.00,22117,5.00,59.00,-99.71
22,119,492,51.00,22119,18.00,33.00,-99.77
22,121,492,83.00,22121,170.00,-87.00,-99.62
22,123,492,3.00,22123,88.00,-85.00,-99.99
22,125,492,16.00,22125,44.00,-28.00,-99.93
22,127,492,14.00,22127,16.00,-2.00,-99.94
23,1,492,402.00,23001,7.00,395.00,-98.25
23,3,492,58.00,23003,80.00,-22.00,-99.75
23,5,492,"1,002.00",23005,22.00,980.00,-95.64
23,7,492,66.00,23007,59.00,7.00,-99.71
23,9,492,74.00,23009,241.00,-167.00,-99.68
23,11,492,363.00,23011,"2,052.00","-1,689.00",-98.42
23,13,492,76.00,23013,22.00,54.00,-99.67
23,15,492,52.00,23015,12.00,40.00,-99.77
23,17,492,93.00,23017,614.00,-521.00,-99.60
23,19,492,468.00,23019,19.00,449.00,-97.97
23,21,492,40.00,23021,30.00,10.00,-99.83
23,23,492,86.00,23023,38.00,48.00,-99.63
23,25,492,140.00,23025,4.00,136.00,-99.39
23,27,492,70.00,23027,59.00,11.00,-99.70
23,29,492,38.00,23029,14.00,24.00,-99.83
23,31,492,674.00,23031,22.00,652.00,-97.07
24,1,492,207.00,24001,114.00,93.00,-99.14
24,3,492,"3,418.00",24003,35.00,"3,383.00",-85.76
24,5,492,"5,827.00",24005,6.00,"5,821.00",-75.73
24,9,492,421.00,24009,51.00,370.00,-98.25
24,11,492,105.00,24011,49.00,56.00,-99.56
24,13,492,539.00,24013,9.00,530.00,-97.76
24,15,492,524.00,24015,4.00,520.00,-97.82
24,17,492,"1,030.00",24017,3.00,"1,027.00",-95.71
24,19,492,119.00,24019,62.00,57.00,-99.50
24,21,492,"1,274.00",24021,741.00,533.00,-94.70
24,23,492,49.00,24023,8.00,41.00,-99.80
24,25,492,"1,397.00",24025,26.00,"1,371.00",-94.19
24,27,492,"1,961.00",24027,5.00,"1,956.00",-91.84
24,29,492,23.00,24029,11.00,12.00,-99.90
24,31,492,"5,956.00",24031,10.00,"5,946.00",-75.22
24,33,492,"6,877.00",24033,11.00,"6,866.00",-71.39
24,35,492,163.00,24035,"2,270.00","-2,107.00",-99.32
24,37,492,518.00,24037,5.00,513.00,-97.84
24,39,492,70.00,24039,9.00,61.00,-99.71
24,41,492,109.00,24041,40.00,69.00,-99.55
24,43,492,861.00,24043,36.00,825.00,-96.42
24,45,492,471.00,24045,9.00,462.00,-98.04
24,47,492,206.00,24047,27.00,179.00,-99.14
24,510,492,"3,162.00",24510,3.00,"3,159.00",-87.10
25,1,492,614.00,25001,7.00,607.00,-97.54
25,3,492,352.00,25003,9.00,343.00,-98.59
25,5,492,"2,776.00",25005,6.00,"2,770.00",-88.90
25,7,492,16.00,25007,14.00,2.00,-99.94
25,9,492,"4,425.00",25009,12.00,"4,413.00",-82.31
25,11,492,182.00,25011,39.00,143.00,-99.27
25,13,492,"2,446.00",25013,14.00,"2,432.00",-90.22
25,15,492,343.00,25015,19.00,324.00,-98.63
25,17,492,"6,148.00",25017,15.00,"6,133.00",-75.42
25,19,492,25.00,25019,19.00,6.00,-99.90
25,21,492,"2,940.00",25021,15.00,"2,925.00",-88.25
25,23,492,"2,426.00",25023,4.00,"2,422.00",-90.30
25,25,492,"4,011.00",25025,19.00,"3,992.00",-83.97
25,27,492,"4,058.00",25027,4.00,"4,054.00",-83.79
26,1,492,14.00,26001,3.00,11.00,-99.95
26,3,492,5.00,26003,69.00,-64.00,-99.98
26,5,492,309.00,26005,27.00,282.00,-98.81
26,7,492,46.00,26007,6.00,40.00,-99.82
26,9,492,31.00,26009,20.00,11.00,-99.88
26,11,492,21.00,26011,6.00,15.00,-99.92
26,13,492,6.00,26013,25.00,-19.00,-99.98
26,15,492,170.00,26015,8.00,162.00,-99.35
26,17,492,335.00,26017,"1,041.00",-706.00,-98.71
26,19,492,28.00,26019,6.00,22.00,-99.89
26,21,492,393.00,26021,5.00,388.00,-98.49
26,23,492,125.00,26023,56.00,69.00,-99.52
26,25,492,458.00,26025,4.00,454.00,-98.24
26,27,492,94.00,26027,10.00,84.00,-99.64
26,29,492,32.00,26029,178.00,-146.00,-99.88
26,31,492,33.00,26031,185.00,-152.00,-99.87
26,33,492,55.00,26033,107.00,-52.00,-99.79
26,35,492,49.00,26035,8.00,41.00,-99.81
26,37,492,237.00,26037,137.00,100.00,-99.09
26,39,492,25.00,26039,24.00,1.00,-99.90
26,41,492,54.00,26041,7.00,47.00,-99.79
26,43,492,98.00,26043,25.00,73.00,-99.62
26,45,492,481.00,26045,4.00,477.00,-98.15
26,47,492,57.00,26047,9.00,48.00,-99.78
26,49,492,"1,832.00",26049,6.00,"1,826.00",-92.97
26,51,492,37.00,26051,10.00,27.00,-99.86
26,53,492,15.00,26053,298.00,-283.00,-99.94
26,55,492,294.00,26055,23.00,271.00,-98.87
26,57,492,108.00,26057,147.00,-39.00,-99.59
26,59,492,86.00,26059,11.00,75.00,-99.67
26,61,492,55.00,26061,13.00,42.00,-99.79
26,63,492,76.00,26063,3.00,73.00,-99.71
26,65,492,"1,392.00",26065,3.00,"1,389.00",-94.66
26,67,492,164.00,26067,5.00,159.00,-99.37
26,69,492,32.00,26069,3.00,29.00,-99.88
26,71,492,5.00,26071,5.00,0.00,-99.98
26,73,492,254.00,26073,5.00,249.00,-99.03
26,75,492,495.00,26075,0.00,495.00,-98.10
26,77,492,"1,101.00",26077,196.00,905.00,-95.78
26,79,492,41.00,26079,19.00,22.00,-99.84
26,81,492,"3,327.00",26081,5.00,"3,322.00",-87.24
26,85,492,18.00,26085,6.00,12.00,-99.93
26,87,492,211.00,26087,17.00,194.00,-99.19
26,89,492,27.00,26089,81.00,-54.00,-99.90
26,91,492,284.00,26091,123.00,161.00,-98.91
26,93,492,647.00,26093,4.00,643.00,-97.52
26,95,492,5.00,26095,4.00,1.00,-99.98
26,97,492,11.00,26097,10.00,1.00,-99.96
26,99,492,"5,398.00",26099,42.00,"5,356.00",-79.32
26,101,492,43.00,26101,3.00,40.00,-99.84
26,103,492,143.00,26103,11.00,132.00,-99.45
26,105,492,55.00,26105,3.00,52.00,-99.79
26,107,492,95.00,26107,31.00,64.00,-99.64
26,109,492,46.00,26109,4.00,42.00,-99.82
26,111,492,307.00,26111,28.00,279.00,-98.82
26,113,492,19.00,26113,70.00,-51.00,-99.93
26,115,492,523.00,26115,6.00,517.00,-98.00
26,117,492,148.00,26117,16.00,132.00,-99.43
26,119,492,19.00,26119,39.00,-20.00,-99.93
26,121,492,595.00,26121,3.00,592.00,-97.72
26,123,492,107.00,26123,26.00,81.00,-99.59
26,125,492,"5,324.00",26125,12.00,"5,312.00",-79.62
26,127,492,32.00,26127,6.00,26.00,-99.88
26,129,492,23.00,26129,5.00,18.00,-99.91
26,131,492,6.00,26131,0.00,6.00,-99.98
26,133,492,38.00,26133,19.00,19.00,-99.85
26,135,492,10.00,26135,15.00,-5.00,-99.96
26,137,492,73.00,26137,18.00,55.00,-99.72
26,139,492,987.00,26139,3.00,984.00,-96.22
26,141,492,8.00,26141,12.00,-4.00,-99.97
26,143,492,31.00,26143,15.00,16.00,-99.88
26,145,492,641.00,26145,8.00,633.00,-97.55
26,147,492,534.00,26147,80.00,454.00,-97.96
26,149,492,212.00,26149,8.00,204.00,-99.19
26,151,492,65.00,26151,3.00,62.00,-99.75
26,153,492,6.00,26153,3.00,3.00,-99.98
26,155,492,188.00,26155,7.00,181.00,-99.28
26,157,492,108.00,26157,4.00,104.00,-99.59
26,159,492,194.00,26159,14.00,180.00,-99.26
26,161,492,"1,302.00",26161,8.00,"1,294.00",-95.02
26,163,492,"9,619.00",26163,0.00,"9,619.00",-63.23
26,165,492,98.00,26165,19.00,79.00,-99.63
27,1,492,16.00,27001,13.00,3.00,-99.94
27,3,492,"2,604.00",27003,10.00,"2,594.00",-90.36
27,5,492,42.00,27005,5.00,37.00,-99.84
27,7,492,109.00,27007,4.00,105.00,-99.60
27,9,492,160.00,27009,3.00,157.00,-99.41
27,11,492,4.00,27011,5.00,-1.00,-99.99
27,13,492,273.00,27013,6.00,267.00,-98.99
27,15,492,48.00,27015,45.00,3.00,-99.82
27,17,492,107.00,27017,12.00,95.00,-99.60
27,19,492,420.00,27019,4.00,416.00,-98.45
27,21,492,46.00,27021,6.00,40.00,-99.83
27,23,492,7.00,27023,14.00,-7.00,-99.97
27,25,492,181.00,27025,5.00,176.00,-99.33
27,27,492,255.00,27027,5.00,250.00,-99.06
27,29,492,7.00,27029,12.00,-5.00,-99.97
27,33,492,13.00,27033,183.00,-170.00,-99.95
27,35,492,201.00,27035,64.00,137.00,-99.26
27,37,492,"2,830.00",27037,21.00,"2,809.00",-89.53
27,39,492,34.00,27039,7.00,27.00,-99.87
27,41,492,73.00,27041,20.00,53.00,-99.73
27,43,492,11.00,27043,19.00,-8.00,-99.96
27,45,492,24.00,27045,43.00,-19.00,-99.91
27,47,492,67.00,27047,7.00,60.00,-99.75
27,49,492,100.00,27049,77.00,23.00,-99.63
27,51,492,7.00,27051,4.00,3.00,-99.97
27,53,492,"7,490.00",27053,49.00,"7,441.00",-72.31
27,55,492,28.00,27055,351.00,-323.00,-99.90
27,57,492,16.00,27057,17.00,-1.00,-99.94
27,59,492,176.00,27059,29.00,147.00,-99.35
27,61,492,80.00,27061,18.00,62.00,-99.70
27,63,492,0.00,27063,14.00,-14.00,-100.00
27,65,492,31.00,27065,3.00,28.00,-99.89
27,67,492,67.00,27067,11.00,56.00,-99.75
27,71,492,16.00,27071,8.00,8.00,-99.94
27,73,492,4.00,27073,12.00,-8.00,-99.99
27,75,492,12.00,27075,52.00,-40.00,-99.96
27,77,492,5.00,27077,208.00,-203.00,-99.98
27,79,492,38.00,27079,7.00,31.00,-99.86
27,81,492,15.00,27081,5.00,10.00,-99.94
27,83,492,60.00,27083,38.00,22.00,-99.78
27,85,492,91.00,27085,10.00,81.00,-99.66
27,87,492,3.00,27087,882.00,-879.00,-99.99
27,89,492,10.00,27089,43.00,-33.00,-99.96
27,91,492,30.00,27091,248.00,-218.00,-99.89
27,93,492,26.00,27093,15.00,11.00,-99.90
27,95,492,52.00,27095,17.00,35.00,-99.81
27,97,492,47.00,27097,13.00,34.00,-99.83
27,99,492,119.00,27099,16.00,103.00,-99.56
27,101,492,12.00,27101,4.00,8.00,-99.96
27,103,492,73.00,27103,37.00,36.00,-99.73
27,105,492,29.00,27105,3.00,26.00,-99.89
27,107,492,12.00,27107,8.00,4.00,-99.96
27,109,492,554.00,27109,9.00,545.00,-97.96
27,111,492,148.00,27111,5.00,143.00,-99.45
27,113,492,34.00,27113,12.00,22.00,-99.87
27,115,492,49.00,27115,11.00,38.00,-99.82
27,117,492,13.00,27117,18.00,-5.00,-99.95
27,119,492,41.00,27119,12.00,29.00,-99.85
27,121,492,10.00,27121,4.00,6.00,-99.96
27,123,492,"3,576.00",27123,5.00,"3,571.00",-86.82
27,125,492,0.00,27125,4.00,-4.00,-100.00
27,127,492,18.00,27127,10.00,8.00,-99.93
27,129,492,10.00,27129,5.00,5.00,-99.96
27,131,492,235.00,27131,19.00,216.00,-99.13
27,133,492,14.00,27133,10.00,4.00,-99.95
27,135,492,8.00,27135,4.00,4.00,-99.97
27,137,492,576.00,27137,3.00,573.00,-97.88
27,139,492,806.00,27139,9.00,797.00,-97.03
27,141,492,468.00,27141,4.00,464.00,-98.28
27,143,492,22.00,27143,20.00,2.00,-99.92
27,145,492,522.00,27145,37.00,485.00,-98.08
27,147,492,111.00,27147,7.00,104.00,-99.59
27,149,492,7.00,27149,123.00,-116.00,-99.97
27,151,492,11.00,27151,15.00,-4.00,-99.96
27,153,492,58.00,27153,28.00,30.00,-99.79
27,157,492,24.00,27157,7.00,17.00,-99.91
27,159,492,16.00,27159,11.00,5.00,-99.94
27,161,492,38.00,27161,13.00,25.00,-99.86
27,163,492,"1,517.00",27163,569.00,948.00,-94.42
27,165,492,3.00,27165,3.00,0.00,-99.99
27,167,492,12.00,27167,7.00,5.00,-99.96
27,169,492,118.00,27169,34.00,84.00,-99.57
27,171,492,650.00,27171,"1,428.00",-778.00,-97.61
27,173,492,8.00,27173,3.00,5.00,-99.97
28,1,492,74.00,28001,20.00,54.00,-99.74
28,3,492,77.00,28003,10.00,67.00,-99.73
28,5,492,14.00,28005,4.00,10.00,-99.95
28,7,492,23.00,28007,3.00,20.00,-99.92
28,9,492,11.00,28009,19.00,-8.00,-99.96
28,11,492,33.00,28011,6.00,27.00,-99.88
28,13,492,12.00,28013,48.00,-36.00,-99.96
28,15,492,12.00,28015,15.00,-3.00,-99.96
28,17,492,19.00,28017,11.00,8.00,-99.93
28,19,492,6.00,28019,28.00,-22.00,-99.98
28,21,492,9.00,28021,10.00,-1.00,-99.97
28,23,492,10.00,28023,11.00,-1.00,-99.96
28,25,492,24.00,28025,12.00,12.00,-99.91
28,27,492,33.00,28027,7.00,26.00,-99.88
28,29,492,34.00,28029,482.00,-448.00,-99.88
28,31,492,23.00,28031,6.00,17.00,-99.92
28,33,492,830.00,28033,5.00,825.00,-97.04
28,35,492,314.00,28035,3.00,311.00,-98.88
28,37,492,5.00,28037,3.00,2.00,-99.98
28,39,492,61.00,28039,4.00,57.00,-99.78
28,41,492,23.00,28041,7.00,16.00,-99.92
28,43,492,37.00,28043,56.00,-19.00,-99.87
28,45,492,101.00,28045,3.00,98.00,-99.64
28,47,492,604.00,28047,9.00,595.00,-97.85
28,49,492,874.00,28049,7.00,867.00,-96.88
28,51,492,26.00,28051,9.00,17.00,-99.91
28,53,492,4.00,28053,4.00,0.00,-99.99
28,57,492,36.00,28057,7.00,29.00,-99.87
28,59,492,425.00,28059,62.00,363.00,-98.49
28,61,492,21.00,28061,71.00,-50.00,-99.93
28,63,492,5.00,28063,6.00,-1.00,-99.98
28,65,492,21.00,28065,9.00,12.00,-99.93
28,67,492,140.00,28067,7.00,133.00,-99.50
28,71,492,172.00,28071,3.00,169.00,-99.39
28,73,492,178.00,28073,15.00,163.00,-99.37
28,75,492,137.00,28075,38.00,99.00,-99.51
28,77,492,14.00,28077,3.00,11.00,-99.95
28,79,492,21.00,28079,9.00,12.00,-99.93
28,81,492,207.00,28081,3.00,204.00,-99.26
28,83,492,46.00,28083,6.00,40.00,-99.84
28,85,492,66.00,28085,4.00,62.00,-99.76
28,87,492,95.00,28087,5.00,90.00,-99.66
28,89,492,302.00,28089,77.00,225.00,-98.92
28,91,492,21.00,28091,4.00,17.00,-99.93
28,93,492,105.00,28093,13.00,92.00,-99.63
28,95,492,34.00,28095,4.00,30.00,-99.88
28,97,492,9.00,28097,7.00,2.00,-99.97
28,99,492,21.00,28099,7.00,14.00,-99.93
28,101,492,12.00,28101,21.00,-9.00,-99.96
28,103,492,9.00,28103,3.00,6.00,-99.97
28,105,492,106.00,28105,6.00,100.00,-99.62
28,107,492,68.00,28107,14.00,54.00,-99.76
28,109,492,114.00,28109,4.00,110.00,-99.59
28,111,492,24.00,28111,16.00,8.00,-99.91
28,113,492,96.00,28113,8.00,88.00,-99.66
28,115,492,61.00,28115,3.00,58.00,-99.78
28,117,492,40.00,28117,3.00,37.00,-99.86
28,119,492,9.00,28119,7.00,2.00,-99.97
28,121,492,614.00,28121,104.00,510.00,-97.82
28,123,492,14.00,28123,16.00,-2.00,-99.95
28,125,492,3.00,28125,6.00,-3.00,-99.99
28,127,492,43.00,28127,6.00,37.00,-99.85
28,129,492,18.00,28129,6.00,12.00,-99.94
28,131,492,36.00,28131,38.00,-2.00,-99.87
28,133,492,32.00,28133,3.00,29.00,-99.89
28,135,492,22.00,28135,3.00,19.00,-99.92
28,137,492,60.00,28137,22.00,38.00,-99.79
28,139,492,34.00,28139,3.00,31.00,-99.88
28,141,492,13.00,28141,5.00,8.00,-99.95
28,143,492,25.00,28143,5.00,20.00,-99.91
28,145,492,53.00,28145,6.00,47.00,-99.81
28,147,492,7.00,28147,3.00,4.00,-99.98
28,149,492,122.00,28149,13.00,109.00,-99.57
28,151,492,69.00,28151,5.00,64.00,-99.75
28,153,492,27.00,28153,8.00,19.00,-99.90
28,155,492,14.00,28155,11.00,3.00,-99.95
28,157,492,11.00,28157,21.00,-10.00,-99.96
28,159,492,13.00,28159,701.00,-688.00,-99.95
28,161,492,18.00,28161,3.00,15.00,-99.94
28,163,492,37.00,28163,7.00,30.00,-99.87
29,1,492,70.00,29001,5.00,65.00,-99.76
29,3,492,37.00,29003,42.00,-5.00,-99.87
29,5,492,6.00,29005,14.00,-8.00,-99.98
29,7,492,45.00,29007,3.00,42.00,-99.84
29,9,492,68.00,29009,3.00,65.00,-99.77
29,11,492,12.00,29011,4.00,8.00,-99.96
29,13,492,24.00,29013,11.00,13.00,-99.92
29,15,492,34.00,29015,5.00,29.00,-99.88
29,17,492,18.00,29017,11.00,7.00,-99.94
29,19,492,843.00,29019,4.00,839.00,-97.10
29,21,492,393.00,29021,3.00,390.00,-98.65
29,23,492,120.00,29023,0.00,120.00,-99.59
29,25,492,6.00,29025,211.00,-205.00,-99.98
29,27,492,126.00,29027,26.00,100.00,-99.57
29,29,492,124.00,29029,6.00,118.00,-99.57
29,31,492,214.00,29031,27.00,187.00,-99.26
29,33,492,7.00,29033,8.00,-1.00,-99.98
29,35,492,13.00,29035,4.00,9.00,-99.96
29,37,492,590.00,29037,11.00,579.00,-97.97
29,39,492,19.00,29039,0.00,19.00,-99.93
29,41,492,5.00,29041,5.00,0.00,-99.98
29,43,492,409.00,29043,4.00,405.00,-98.59
29,47,492,"1,626.00",29047,29.00,"1,597.00",-94.40
29,49,492,47.00,29049,4.00,43.00,-99.84
29,51,492,282.00,29051,6.00,276.00,-99.03
29,53,492,37.00,29053,9.00,28.00,-99.87
29,55,492,61.00,29055,195.00,-134.00,-99.79
29,57,492,15.00,29057,12.00,3.00,-99.95
29,59,492,33.00,29059,29.00,4.00,-99.89
29,61,492,13.00,29061,9.00,4.00,-99.96
29,63,492,20.00,29063,13.00,7.00,-99.93
29,65,492,32.00,29065,5.00,27.00,-99.89
29,67,492,18.00,29067,3.00,15.00,-99.94
29,69,492,40.00,29069,8.00,32.00,-99.86
29,71,492,343.00,29071,5.00,338.00,-98.82
29,73,492,22.00,29073,3.00,19.00,-99.92
29,75,492,0.00,29075,4.00,-4.00,-100.00
29,77,492,"1,501.00",29077,16.00,"1,485.00",-94.84
29,79,492,15.00,29079,3.00,12.00,-99.95
29,81,492,8.00,29081,9.00,-1.00,-99.97
29,83,492,61.00,29083,7.00,54.00,-99.79
29,85,492,19.00,29085,"3,835.00","-3,816.00",-99.93
29,89,492,14.00,29089,35.00,-21.00,-99.95
29,91,492,83.00,29091,22.00,61.00,-99.71
29,93,492,17.00,29093,32.00,-15.00,-99.94
29,95,492,"4,375.00",29095,47.00,"4,328.00",-84.96
29,97,492,545.00,29097,377.00,168.00,-98.13
29,99,492,"1,429.00",29099,5.00,"1,424.00",-95.09
29,101,492,157.00,29101,29.00,128.00,-99.46
29,105,492,115.00,29105,30.00,85.00,-99.60
29,107,492,107.00,29107,26.00,81.00,-99.63
29,109,492,86.00,29109,29.00,57.00,-99.70
29,111,492,9.00,29111,13.00,-4.00,-99.97
29,113,492,304.00,29113,33.00,271.00,-98.96
29,115,492,13.00,29115,269.00,-256.00,-99.96
29,117,492,38.00,29117,72.00,-34.00,-99.87
29,119,492,53.00,29119,160.00,-107.00,-99.82
29,121,492,21.00,29121,46.00,-25.00,-99.93
29,123,492,33.00,29123,23.00,10.00,-99.89
29,125,492,15.00,29125,133.00,-118.00,-99.95
29,127,492,77.00,29127,"1,049.00",-972.00,-99.74
29,129,492,3.00,29129,359.00,-356.00,-99.99
29,131,492,32.00,29131,464.00,-432.00,-99.89
29,133,492,9.00,29133,37.00,-28.00,-99.97
29,135,492,17.00,29135,57.00,-40.00,-99.94
29,137,492,13.00,29137,"1,228.00","-1,215.00",-99.96
29,139,492,14.00,29139,182.00,-168.00,-99.95
29,141,492,23.00,29141,"1,053.00","-1,030.00",-99.92
29,143,492,16.00,29143,35.00,-19.00,-99.95
29,145,492,175.00,29145,293.00,-118.00,-99.40
29,147,492,38.00,29147,924.00,-886.00,-99.87
29,149,492,7.00,29149,386.00,-379.00,-99.98
29,151,492,21.00,29151,294.00,-273.00,-99.93
29,153,492,10.00,29153,365.00,-355.00,-99.97
29,155,492,7.00,29155,905.00,-898.00,-99.98
29,157,492,34.00,29157,23.00,11.00,-99.88
29,159,492,175.00,29159,235.00,-60.00,-99.40
29,161,492,161.00,29161,82.00,79.00,-99.45
29,163,492,32.00,29163,879.00,-847.00,-99.89
29,165,492,525.00,29165,47.00,478.00,-98.20
29,167,492,80.00,29167,588.00,-508.00,-99.73
29,169,492,202.00,29169,32.00,170.00,-99.31
29,171,492,3.00,29171,5.00,-2.00,-99.99
29,173,492,20.00,29173,5.00,15.00,-99.93
29,175,492,73.00,29175,11.00,62.00,-99.75
29,177,492,62.00,29177,63.00,-1.00,-99.79
29,179,492,0.00,29179,22.00,-22.00,-100.00
29,181,492,12.00,29181,8.00,4.00,-99.96
29,183,492,"2,645.00",29183,4.00,"2,641.00",-90.94
29,185,492,12.00,29185,40.00,-28.00,-99.96
29,186,492,37.00,29186,11.00,26.00,-99.87
29,187,492,251.00,29187,4.00,247.00,-99.14
29,189,492,"5,648.00",29189,17.00,"5,631.00",-80.65
29,195,492,59.00,29195,5.00,54.00,-99.80
29,199,492,3.00,29199,26.00,-23.00,-99.99
29,201,492,86.00,29201,4.00,82.00,-99.71
29,203,492,17.00,29203,12.00,5.00,-99.94
29,205,492,3.00,29205,9.00,-6.00,-99.99
29,207,492,55.00,29207,115.00,-60.00,-99.81
29,209,492,90.00,29209,24.00,66.00,-99.69
29,211,492,4.00,29211,11.00,-7.00,-99.99
29,213,492,266.00,29213,50.00,216.00,-99.09
29,215,492,30.00,29215,11.00,19.00,-99.90
29,217,492,32.00,29217,11.00,21.00,-99.89
29,219,492,154.00,29219,4.00,150.00,-99.47
29,221,492,55.00,29221,36.00,19.00,-99.81
29,223,492,12.00,29223,344.00,-332.00,-99.96
29,225,492,93.00,29225,24.00,69.00,-99.68
29,229,492,33.00,29229,"3,467.00","-3,434.00",-99.89
29,510,492,"1,495.00",29510,121.00,"1,374.00",-94.93
30,1,492,21.00,30001,28.00,-7.00,-99.93
30,3,492,16.00,30003,41.00,-25.00,-99.95
30,5,492,4.00,30005,62.00,-58.00,-99.99
30,7,492,19.00,30007,41.00,-22.00,-99.94
30,9,492,24.00,30009,23.00,1.00,-99.92
30,11,492,5.00,30011,34.00,-29.00,-99.98
30,13,492,319.00,30013,24.00,295.00,-98.94
30,15,492,11.00,30015,17.00,-6.00,-99.96
30,17,492,25.00,30017,22.00,3.00,-99.92
30,21,492,14.00,30021,122.00,-108.00,-99.95
30,23,492,23.00,30023,"1,067.00","-1,044.00",-99.92
30,25,492,3.00,30025,8.00,-5.00,-99.99
30,27,492,12.00,30027,16.00,-4.00,-99.96
30,29,492,349.00,30029,26.00,323.00,-98.84
30,31,492,558.00,30031,36.00,522.00,-98.14
30,33,492,3.00,30033,27.00,-24.00,-99.99
30,35,492,10.00,30035,27.00,-17.00,-99.97
30,39,492,4.00,30039,54.00,-50.00,-99.99
30,41,492,16.00,30041,"4,795.00","-4,779.00",-99.95
30,43,492,27.00,30043,13.00,14.00,-99.91
30,45,492,5.00,30045,40.00,-35.00,-99.98
30,47,492,38.00,30047,40.00,-2.00,-99.87
30,49,492,278.00,30049,826.00,-548.00,-99.07
30,53,492,19.00,30053,17.00,2.00,-99.94
30,55,492,3.00,30055,"1,472.00","-1,469.00",-99.99
30,57,492,10.00,30057,"1,551.00","-1,541.00",-99.97
30,59,492,4.00,30059,140.00,-136.00,-99.99
30,61,492,7.00,30061,130.00,-123.00,-99.98
30,63,492,529.00,30063,563.00,-34.00,-98.24
30,65,492,9.00,30065,76.00,-67.00,-99.97
30,67,492,31.00,30067,206.00,-175.00,-99.90
30,71,492,5.00,30071,18.00,-13.00,-99.98
30,73,492,8.00,30073,56.00,-48.00,-99.97
30,75,492,8.00,30075,21.00,-13.00,-99.97
30,77,492,9.00,30077,29.00,-20.00,-99.97
30,79,492,3.00,30079,"4,684.00","-4,681.00",-99.99
30,81,492,59.00,30081,114.00,-55.00,-99.80
30,83,492,17.00,30083,600.00,-583.00,-99.94
30,85,492,17.00,30085,172.00,-155.00,-99.94
30,87,492,4.00,30087,40.00,-36.00,-99.99
30,89,492,25.00,30089,122.00,-97.00,-99.92
30,91,492,10.00,30091,237.00,-227.00,-99.97
30,93,492,130.00,30093,14.00,116.00,-99.57
30,95,492,10.00,30095,10.00,0.00,-99.97
30,97,492,7.00,30097,9.00,-2.00,-99.98
30,99,492,5.00,30099,54.00,-49.00,-99.98
30,101,492,4.00,30101,"1,298.00","-1,294.00",-99.99
30,105,492,13.00,30105,45.00,-32.00,-99.96
30,107,492,4.00,30107,27.00,-23.00,-99.99
30,111,492,783.00,30111,49.00,734.00,-97.40
31,1,492,106.00,31001,74.00,32.00,-99.66
31,3,492,3.00,31003,31.00,-28.00,-99.99
31,9,492,4.00,31009,28.00,-24.00,-99.99
31,11,492,7.00,31011,52.00,-45.00,-99.98
31,13,492,26.00,31013,727.00,-701.00,-99.92
31,17,492,10.00,31017,12.00,-2.00,-99.97
31,19,492,139.00,31019,10.00,129.00,-99.55
31,21,492,9.00,31021,100.00,-91.00,-99.97
31,23,492,8.00,31023,11.00,-3.00,-99.97
31,25,492,67.00,31025,5.00,62.00,-99.78
31,27,492,11.00,31027,13.00,-2.00,-99.96
31,29,492,3.00,31029,6.00,-3.00,-99.99
31,31,492,7.00,31031,10.00,-3.00,-99.98
31,33,492,13.00,31033,3.00,10.00,-99.96
31,35,492,12.00,31035,7.00,5.00,-99.96
31,37,492,7.00,31037,52.00,-45.00,-99.98
31,39,492,3.00,31039,178.00,-175.00,-99.99
31,41,492,11.00,31041,37.00,-26.00,-99.96
31,43,492,85.00,31043,227.00,-142.00,-99.73
31,45,492,14.00,31045,25.00,-11.00,-99.95
31,47,492,31.00,31047,10.00,21.00,-99.90
31,51,492,6.00,31051,28.00,-22.00,-99.98
31,53,492,131.00,31053,11.00,120.00,-99.58
31,55,492,"3,068.00",31055,98.00,"2,970.00",-90.12
31,59,492,0.00,31059,27.00,-27.00,-100.00
31,61,492,4.00,31061,7.00,-3.00,-99.99
31,63,492,3.00,31063,3.00,0.00,-99.99
31,67,492,51.00,31067,43.00,8.00,-99.84
31,79,492,229.00,31079,29.00,200.00,-99.26
31,81,492,10.00,31081,24.00,-14.00,-99.97
31,83,492,5.00,31083,154.00,-149.00,-99.98
31,87,492,3.00,31087,21.00,-18.00,-99.99
31,89,492,10.00,31089,24.00,-14.00,-99.97
31,93,492,4.00,31093,101.00,-97.00,-99.99
31,95,492,14.00,31095,19.00,-5.00,-99.95
31,99,492,10.00,31099,13.00,-3.00,-99.97
31,101,492,6.00,31101,296.00,-290.00,-99.98
31,105,492,3.00,31105,16.00,-13.00,-99.99
31,107,492,5.00,31107,330.00,-325.00,-99.98
31,109,492,"1,259.00",31109,51.00,"1,208.00",-95.95
31,111,492,139.00,31111,191.00,-52.00,-99.55
31,115,492,3.00,31115,6.00,-3.00,-99.99
31,117,492,5.00,31117,40.00,-35.00,-99.98
31,119,492,91.00,31119,8.00,83.00,-99.71
31,121,492,10.00,31121,566.00,-556.00,-99.97
31,123,492,8.00,31123,24.00,-16.00,-99.97
31,127,492,10.00,31127,61.00,-51.00,-99.97
31,131,492,23.00,31131,18.00,5.00,-99.93
31,137,492,13.00,31137,64.00,-51.00,-99.96
31,139,492,7.00,31139,4.00,3.00,-99.98
31,141,492,98.00,31141,16.00,82.00,-99.69
31,143,492,5.00,31143,106.00,-101.00,-99.98
31,145,492,11.00,31145,17.00,-6.00,-99.96
31,147,492,7.00,31147,125.00,-118.00,-99.98
31,149,492,3.00,31149,5.00,-2.00,-99.99
31,151,492,22.00,31151,22.00,0.00,-99.93
31,153,492,"1,003.00",31153,20.00,983.00,-96.78
31,155,492,23.00,31155,41.00,-18.00,-99.93
31,157,492,106.00,31157,12.00,94.00,-99.66
31,159,492,22.00,31159,11.00,11.00,-99.93
31,161,492,13.00,31161,12.00,1.00,-99.96
31,163,492,7.00,31163,9.00,-2.00,-99.98
31,167,492,13.00,31167,"2,026.00","-2,013.00",-99.96
31,171,492,4.00,31171,3.00,1.00,-99.99
31,173,492,5.00,31173,3.00,2.00,-99.98
31,175,492,3.00,31175,50.00,-47.00,-99.99
31,177,492,61.00,31177,40.00,21.00,-99.80
31,179,492,13.00,31179,145.00,-132.00,-99.96
31,181,492,4.00,31181,66.00,-62.00,-99.99
31,185,492,30.00,31185,74.00,-44.00,-99.90
32,1,492,94.00,32001,4.00,90.00,-99.71
32,3,492,"11,041.00",32003,20.00,"11,021.00",-65.50
32,5,492,119.00,32005,26.00,93.00,-99.63
32,7,492,95.00,32007,3.00,92.00,-99.70
32,13,492,36.00,32013,19.00,17.00,-99.89
32,15,492,0.00,32015,124.00,-124.00,-100.00
32,17,492,4.00,32017,5.00,-1.00,-99.99
32,19,492,248.00,32019,79.00,169.00,-99.23
32,21,492,4.00,32021,7.00,-3.00,-99.99
32,23,492,146.00,32023,40.00,106.00,-99.54
32,27,492,3.00,32027,44.00,-41.00,-99.99
32,29,492,5.00,32029,61.00,-56.00,-99.98
32,31,492,"2,474.00",32031,13.00,"2,461.00",-92.28
32,33,492,12.00,32033,10.00,2.00,-99.96
32,510,492,255.00,32510,10.00,245.00,-99.22
33,1,492,203.00,33001,35.00,168.00,-99.38
33,3,492,82.00,33003,18.00,64.00,-99.75
33,5,492,208.00,33005,32.00,176.00,-99.37
33,7,492,30.00,33007,4.00,26.00,-99.91
33,9,492,97.00,33009,7.00,90.00,-99.71
33,11,492,"1,937.00",33011,193.00,"1,744.00",-94.13
33,13,492,464.00,33013,16.00,448.00,-98.59
33,15,492,812.00,33015,"1,197.00",-385.00,-97.54
33,17,492,507.00,33017,9.00,498.00,-98.46
33,19,492,112.00,33019,6.00,106.00,-99.66
34,1,492,930.00,34001,34.00,896.00,-97.26
34,3,492,"3,951.00",34003,23.00,"3,928.00",-88.38
34,5,492,"2,164.00",34005,39.00,"2,125.00",-93.64
34,7,492,"2,517.00",34007,10.00,"2,507.00",-92.60
34,9,492,242.00,34009,6.00,236.00,-99.29
34,11,492,535.00,34011,8.00,527.00,-98.43
34,13,492,"3,883.00",34013,6.00,"3,877.00",-88.58
34,15,492,"1,274.00",34015,9.00,"1,265.00",-96.25
34,17,492,"3,546.00",34017,7.00,"3,539.00",-89.58
34,19,492,246.00,34019,72.00,174.00,-99.28
34,21,492,"1,942.00",34021,139.00,"1,803.00",-94.29
34,23,492,"4,295.00",34023,8.00,"4,287.00",-87.38
34,25,492,"2,223.00",34025,4.00,"2,219.00",-93.47
34,27,492,"1,733.00",34027,4.00,"1,729.00",-94.91
34,29,492,"2,497.00",34029,3.00,"2,494.00",-92.66
34,31,492,"3,455.00",34031,56.00,"3,399.00",-89.85
34,33,492,270.00,34033,4.00,266.00,-99.21
34,35,492,"1,244.00",34035,4.00,"1,240.00",-96.34
34,37,492,413.00,34037,5.00,408.00,-98.79
34,39,492,"2,665.00",34039,8.00,"2,657.00",-92.17
34,41,492,342.00,34041,5.00,337.00,-99.00
35,1,492,"3,087.00",35001,3.00,"3,084.00",-91.18
35,5,492,196.00,35005,23.00,173.00,-99.44
35,6,492,33.00,35006,6.00,27.00,-99.91
35,7,492,5.00,35007,6.00,-1.00,-99.99
35,9,492,160.00,35009,5.00,155.00,-99.54
35,11,492,6.00,35011,3.00,3.00,-99.98
35,13,492,797.00,35013,7.00,790.00,-97.72
35,15,492,219.00,35015,3.00,216.00,-99.37
35,17,492,57.00,35017,4.00,53.00,-99.84
35,19,492,5.00,35019,3.00,2.00,-99.99
35,21,492,3.00,35021,3.00,0.00,-99.99
35,25,492,180.00,35025,3.00,177.00,-99.49
35,27,492,34.00,35027,16.00,18.00,-99.90
35,28,492,14.00,35028,12.00,2.00,-99.96
35,29,492,40.00,35029,5.00,35.00,-99.89
35,31,492,115.00,35031,12.00,103.00,-99.67
35,33,492,5.00,35033,50.00,-45.00,-99.99
35,35,492,274.00,35035,7.00,267.00,-99.22
35,37,492,12.00,35037,16.00,-4.00,-99.97
35,39,492,116.00,35039,11.00,105.00,-99.67
35,41,492,52.00,35041,51.00,1.00,-99.85
35,43,492,786.00,35043,24.00,762.00,-97.76
35,45,492,271.00,35045,40.00,231.00,-99.23
35,47,492,47.00,35047,27.00,20.00,-99.87
35,49,492,548.00,35049,17.00,531.00,-98.44
35,51,492,4.00,35051,36.00,-32.00,-99.99
35,53,492,21.00,35053,23.00,-2.00,-99.94
35,55,492,24.00,35055,693.00,-669.00,-99.93
35,57,492,38.00,35057,10.00,28.00,-99.89
35,59,492,7.00,35059,16.00,-9.00,-99.98
35,61,492,262.00,35061,118.00,144.00,-99.25
36,1,492,"1,932.00",36001,274.00,"1,658.00",-94.63
36,3,492,46.00,36003,19.00,27.00,-99.87
36,5,492,"10,280.00",36005,41.00,"10,239.00",-71.45
36,7,492,"1,020.00",36007,18.00,"1,002.00",-97.17
36,9,492,159.00,36009,13.00,146.00,-99.56
36,11,492,261.00,36011,"1,975.00","-1,714.00",-99.28
36,13,492,411.00,36013,26.00,385.00,-98.86
36,15,492,298.00,36015,25.00,273.00,-99.17
36,17,492,103.00,36017,179.00,-76.00,-99.71
36,19,492,272.00,36019,47.00,225.00,-99.24
36,21,492,94.00,36021,150.00,-56.00,-99.74
36,23,492,168.00,36023,29.00,139.00,-99.53
36,25,492,103.00,36025,"2,695.00","-2,592.00",-99.71
36,27,492,965.00,36027,15.00,950.00,-97.32
36,29,492,"4,580.00",36029,7.00,"4,573.00",-87.29
36,31,492,40.00,36031,46.00,-6.00,-99.89
36,33,492,56.00,36033,189.00,-133.00,-99.84
36,35,492,227.00,36035,9.00,218.00,-99.37
36,37,492,189.00,36037,"1,502.00","-1,313.00",-99.48
36,39,492,95.00,36039,28.00,67.00,-99.74
36,41,492,3.00,36041,23.00,-20.00,-99.99
36,43,492,188.00,36043,7.00,181.00,-99.48
36,45,492,445.00,36045,8.00,437.00,-98.77
36,47,492,"16,311.00",36047,30.00,"16,281.00",-54.75
36,49,492,24.00,36049,13.00,11.00,-99.93
36,51,492,150.00,36051,40.00,110.00,-99.58
36,53,492,241.00,36053,33.00,208.00,-99.33
36,55,492,"3,514.00",36055,12.00,"3,502.00",-90.25
36,57,492,174.00,36057,29.00,145.00,-99.52
36,59,492,"4,536.00",36059,54.00,"4,482.00",-87.42
36,61,492,"4,000.00",36061,235.00,"3,765.00",-88.91
36,63,492,"1,027.00",36063,43.00,984.00,-97.15
36,65,492,"1,010.00",36065,151.00,859.00,-97.20
36,67,492,"2,550.00",36067,38.00,"2,512.00",-92.93
36,69,492,349.00,36069,256.00,93.00,-99.03
36,71,492,"1,462.00",36071,408.00,"1,054.00",-95.95
36,73,492,153.00,36073,23.00,130.00,-99.58
36,75,492,507.00,36075,138.00,369.00,-98.59
36,77,492,148.00,36077,38.00,110.00,-99.59
36,79,492,263.00,36079,121.00,142.00,-99.27
36,81,492,"14,128.00",36081,12.00,"14,116.00",-60.84
36,83,492,631.00,36083,24.00,607.00,-98.25
36,85,492,"2,314.00",36085,125.00,"2,189.00",-93.59
36,87,492,952.00,36087,5.00,947.00,-97.36
36,89,492,183.00,36089,"1,023.00",-840.00,-99.49
36,91,492,971.00,36091,4.00,967.00,-97.31
36,93,492,973.00,36093,26.00,947.00,-97.30
36,95,492,78.00,36095,27.00,51.00,-99.78
36,97,492,40.00,36097,3.00,37.00,-99.89
36,99,492,109.00,36099,23.00,86.00,-99.70
36,101,492,322.00,36101,13.00,309.00,-99.11
36,103,492,"6,251.00",36103,18.00,"6,233.00",-82.69
36,105,492,201.00,36105,48.00,153.00,-99.44
36,107,492,166.00,36107,16.00,150.00,-99.54
36,109,492,260.00,36109,129.00,131.00,-99.28
36,111,492,466.00,36111,25.00,441.00,-98.71
36,113,492,310.00,36113,22.00,288.00,-99.14
36,115,492,193.00,36115,56.00,137.00,-99.47
36,117,492,259.00,36117,37.00,222.00,-99.28
36,119,492,"2,866.00",36119,25.00,"2,841.00",-92.07
36,121,492,47.00,36121,18.00,29.00,-99.87
36,123,492,54.00,36123,26.00,28.00,-99.85
37,1,492,766.00,37001,25.00,741.00,-97.93
37,3,492,90.00,37003,280.00,-190.00,-99.76
37,5,492,10.00,37005,613.00,-603.00,-99.97
37,7,492,47.00,37007,135.00,-88.00,-99.87
37,9,492,28.00,37009,40.00,-12.00,-99.92
37,11,492,18.00,37011,64.00,-46.00,-99.95
37,13,492,70.00,37013,13.00,57.00,-99.81
37,15,492,15.00,37015,3.00,12.00,-99.96
37,17,492,55.00,37017,225.00,-170.00,-99.85
37,19,492,500.00,37019,37.00,463.00,-98.65
37,21,492,"1,148.00",37021,89.00,"1,059.00",-96.90
37,23,492,277.00,37023,10.00,267.00,-99.25
37,25,492,"1,380.00",37025,122.00,"1,258.00",-96.27
37,27,492,270.00,37027,11.00,259.00,-99.27
37,29,492,24.00,37029,7.00,17.00,-99.94
37,31,492,161.00,37031,6.00,155.00,-99.57
37,33,492,47.00,37033,4.00,43.00,-99.87
37,35,492,717.00,37035,4.00,713.00,-98.06
37,37,492,159.00,37037,15.00,144.00,-99.57
37,39,492,38.00,37039,3.00,35.00,-99.90
37,41,492,25.00,37041,129.00,-104.00,-99.93
37,43,492,15.00,37043,12.00,3.00,-99.96
37,45,492,404.00,37045,19.00,385.00,-98.91
37,47,492,103.00,37047,8.00,95.00,-99.72
37,49,492,300.00,37049,5.00,295.00,-99.19
37,51,492,"1,829.00",37051,323.00,"1,506.00",-95.06
37,53,492,68.00,37053,4.00,64.00,-99.82
37,55,492,93.00,37055,38.00,55.00,-99.75
37,57,492,712.00,37057,7.00,705.00,-98.08
37,59,492,163.00,37059,43.00,120.00,-99.56
37,61,492,86.00,37061,5.00,81.00,-99.77
37,63,492,"1,550.00",37063,16.00,"1,534.00",-95.82
37,65,492,140.00,37065,30.00,110.00,-99.62
37,67,492,"1,796.00",37067,9.00,"1,787.00",-95.15
37,69,492,358.00,37069,24.00,334.00,-99.03
37,71,492,"1,357.00",37071,3.00,"1,354.00",-96.34
37,73,492,30.00,37073,4.00,26.00,-99.92
37,75,492,15.00,37075,3.00,12.00,-99.96
37,77,492,209.00,37077,7.00,202.00,-99.44
37,79,492,43.00,37079,5.00,38.00,-99.88
37,81,492,"2,474.00",37081,3.00,"2,471.00",-93.33
37,83,492,90.00,37083,3.00,87.00,-99.76
37,85,492,634.00,37085,19.00,615.00,-98.29
37,87,492,183.00,37087,7.00,176.00,-99.51
37,89,492,418.00,37089,42.00,376.00,-98.87
37,91,492,43.00,37091,26.00,17.00,-99.88
37,93,492,222.00,37093,16.00,206.00,-99.40
37,97,492,"1,031.00",37097,8.00,"1,023.00",-97.22
37,99,492,110.00,37099,10.00,100.00,-99.70
37,101,492,"1,160.00",37101,19.00,"1,141.00",-96.87
37,103,492,20.00,37103,30.00,-10.00,-99.95
37,105,492,283.00,37105,4.00,279.00,-99.24
37,107,492,178.00,37107,3.00,175.00,-99.52
37,109,492,352.00,37109,6.00,346.00,-99.05
37,111,492,147.00,37111,"1,021.00",-874.00,-99.60
37,113,492,129.00,37113,17.00,112.00,-99.65
37,115,492,52.00,37115,34.00,18.00,-99.86
37,117,492,39.00,37117,6.00,33.00,-99.89
37,119,492,"7,655.00",37119,5.00,"7,650.00",-79.38
37,121,492,29.00,37121,41.00,-12.00,-99.92
37,123,492,38.00,37123,18.00,20.00,-99.90
37,125,492,285.00,37125,10.00,275.00,-99.23
37,127,492,349.00,37127,39.00,310.00,-99.06
37,129,492,"1,000.00",37129,10.00,990.00,-97.31
37,131,492,19.00,37131,65.00,-46.00,-99.95
37,133,492,993.00,37133,6.00,987.00,-97.33
37,135,492,451.00,37135,21.00,430.00,-98.79
37,137,492,27.00,37137,19.00,8.00,-99.93
37,139,492,188.00,37139,689.00,-501.00,-99.49
37,141,492,216.00,37141,61.00,155.00,-99.42
37,143,492,39.00,37143,19.00,20.00,-99.90
37,145,492,116.00,37145,4.00,112.00,-99.69
37,147,492,653.00,37147,4.00,649.00,-98.24
37,149,492,39.00,37149,4.00,35.00,-99.90
37,151,492,507.00,37151,44.00,463.00,-98.64
37,153,492,133.00,37153,486.00,-353.00,-99.64
37,155,492,300.00,37155,19.00,281.00,-99.19
37,157,492,296.00,37157,35.00,261.00,-99.20
37,159,492,622.00,37159,34.00,588.00,-98.33
37,161,492,181.00,37161,19.00,162.00,-99.51
37,163,492,146.00,37163,18.00,128.00,-99.61
37,165,492,88.00,37165,132.00,-44.00,-99.76
37,167,492,225.00,37167,61.00,164.00,-99.39
37,169,492,120.00,37169,4.00,116.00,-99.68
37,171,492,180.00,37171,8.00,172.00,-99.52
37,173,492,18.00,37173,7.00,11.00,-99.95
37,175,492,73.00,37175,106.00,-33.00,-99.80
37,179,492,"1,189.00",37179,9.00,"1,180.00",-96.80
37,181,492,124.00,37181,41.00,83.00,-99.67
37,183,492,"6,966.00",37183,35.00,"6,931.00",-81.27
37,185,492,37.00,37185,5.00,32.00,-99.90
37,187,492,7.00,37187,400.00,-393.00,-99.98
37,189,492,109.00,37189,30.00,79.00,-99.71
37,191,492,431.00,37191,53.00,378.00,-98.84
37,193,492,160.00,37193,10.00,150.00,-99.57
37,195,492,286.00,37195,243.00,43.00,-99.23
37,197,492,86.00,37197,6.00,80.00,-99.77
37,199,492,22.00,37199,"1,675.00","-1,653.00",-99.94
38,3,492,17.00,38003,33.00,-16.00,-99.96
38,5,492,3.00,38005,5.00,-2.00,-99.99
38,9,492,12.00,38009,3.00,9.00,-99.97
38,11,492,0.00,38011,18.00,-18.00,-100.00
38,13,492,13.00,38013,12.00,1.00,-99.97
38,15,492,376.00,38015,10.00,366.00,-99.01
38,17,492,850.00,38017,916.00,-66.00,-97.76
38,19,492,8.00,38019,50.00,-42.00,-99.98
38,21,492,7.00,38021,42.00,-35.00,-99.98
38,23,492,4.00,38023,"1,442.00","-1,438.00",-99.99
38,25,492,4.00,38025,45.00,-41.00,-99.99
38,33,492,3.00,38033,133.00,-130.00,-99.99
38,35,492,223.00,38035,29.00,194.00,-99.41
38,37,492,3.00,38037,309.00,-306.00,-99.99
38,41,492,3.00,38041,57.00,-54.00,-99.99
38,43,492,4.00,38043,19.00,-15.00,-99.99
38,47,492,4.00,38047,544.00,-540.00,-99.99
38,49,492,14.00,38049,89.00,-75.00,-99.96
38,53,492,16.00,38053,66.00,-50.00,-99.96
38,55,492,7.00,38055,3.00,4.00,-99.98
38,57,492,4.00,38057,40.00,-36.00,-99.99
38,59,492,136.00,38059,147.00,-11.00,-99.64
38,61,492,12.00,38061,239.00,-227.00,-99.97
38,63,492,7.00,38063,18.00,-11.00,-99.98
38,65,492,5.00,38065,46.00,-41.00,-99.99
38,69,492,3.00,38069,20.00,-17.00,-99.99
38,71,492,28.00,38071,16.00,12.00,-99.93
38,75,492,8.00,38075,49.00,-41.00,-99.98
38,77,492,19.00,38077,215.00,-196.00,-99.95
38,79,492,0.00,38079,243.00,-243.00,-100.00
38,81,492,3.00,38081,695.00,-692.00,-99.99
38,83,492,4.00,38083,15.00,-11.00,-99.99
38,85,492,4.00,38085,169.00,-165.00,-99.99
38,89,492,148.00,38089,79.00,69.00,-99.61
38,93,492,48.00,38093,3.00,45.00,-99.87
38,97,492,7.00,38097,64.00,-57.00,-99.98
38,99,492,9.00,38099,6.00,3.00,-99.98
38,101,492,334.00,38101,16.00,318.00,-99.12
38,103,492,4.00,38103,31.00,-27.00,-99.99
38,105,492,220.00,38105,38.00,182.00,-99.42
39,1,492,47.00,39001,27.00,20.00,-99.88
39,3,492,311.00,39003,10.00,301.00,-99.20
39,5,492,170.00,39005,127.00,43.00,-99.56
39,7,492,304.00,39007,329.00,-25.00,-99.22
39,9,492,179.00,39009,43.00,136.00,-99.54
39,11,492,96.00,39011,66.00,30.00,-99.75
39,13,492,157.00,39013,327.00,-170.00,-99.60
39,15,492,150.00,39015,234.00,-84.00,-99.62
39,17,492,"2,383.00",39017,61.00,"2,322.00",-93.89
39,19,492,49.00,39019,26.00,23.00,-99.87
39,21,492,110.00,39021,37.00,73.00,-99.72
39,23,492,623.00,39023,19.00,604.00,-98.40
39,25,492,"1,078.00",39025,95.00,983.00,-97.24
39,27,492,115.00,39027,825.00,-710.00,-99.71
39,29,492,315.00,39029,4.00,311.00,-99.19
39,31,492,102.00,39031,222.00,-120.00,-99.74
39,33,492,160.00,39033,49.00,111.00,-99.59
39,35,492,"7,753.00",39035,41.00,"7,712.00",-80.14
39,37,492,179.00,39037,"2,500.00","-2,321.00",-99.54
39,39,492,98.00,39039,44.00,54.00,-99.75
39,41,492,854.00,39041,7.00,847.00,-97.81
39,43,492,242.00,39043,62.00,180.00,-99.38
39,45,492,776.00,39045,12.00,764.00,-98.01
39,47,492,116.00,39047,19.00,97.00,-99.70
39,49,492,"9,895.00",39049,15.00,"9,880.00",-74.66
39,51,492,98.00,39051,13.00,85.00,-99.75
39,53,492,66.00,39053,11.00,55.00,-99.83
39,55,492,203.00,39055,46.00,157.00,-99.48
39,57,492,813.00,39057,10.00,803.00,-97.92
39,59,492,111.00,39059,119.00,-8.00,-99.72
39,61,492,"4,162.00",39061,23.00,"4,139.00",-89.34
39,63,492,330.00,39063,218.00,112.00,-99.16
39,65,492,73.00,39065,18.00,55.00,-99.81
39,67,492,18.00,39067,255.00,-237.00,-99.95
39,69,492,72.00,39069,10.00,62.00,-99.82
39,71,492,99.00,39071,133.00,-34.00,-99.75
39,73,492,58.00,39073,31.00,27.00,-99.85
39,75,492,67.00,39075,"1,080.00","-1,013.00",-99.83
39,77,492,170.00,39077,33.00,137.00,-99.56
39,79,492,94.00,39079,66.00,28.00,-99.76
39,81,492,198.00,39081,110.00,88.00,-99.49
39,83,492,163.00,39083,5.00,158.00,-99.58
39,85,492,"1,167.00",39085,85.00,"1,082.00",-97.01
39,87,492,198.00,39087,211.00,-13.00,-99.49
39,89,492,777.00,39089,9.00,768.00,-98.01
39,91,492,144.00,39091,252.00,-108.00,-99.63
39,93,492,"1,718.00",39093,18.00,"1,700.00",-95.61
39,95,492,"2,138.00",39095,10.00,"2,128.00",-94.53
39,97,492,141.00,39097,16.00,125.00,-99.64
39,99,492,"1,037.00",39099,10.00,"1,027.00",-97.35
39,101,492,225.00,39101,19.00,206.00,-99.42
39,103,492,874.00,39103,19.00,855.00,-97.76
39,105,492,46.00,39105,156.00,-110.00,-99.88
39,107,492,57.00,39107,11.00,46.00,-99.85
39,109,492,458.00,39109,13.00,445.00,-98.83
39,111,492,13.00,39111,47.00,-34.00,-99.97
39,113,492,"3,245.00",39113,31.00,"3,214.00",-91.70
39,115,492,19.00,39115,473.00,-454.00,-99.95
39,117,492,82.00,39117,17.00,65.00,-99.79
39,119,492,308.00,39119,205.00,103.00,-99.21
39,121,492,8.00,39121,17.00,-9.00,-99.98
39,123,492,69.00,39123,35.00,34.00,-99.82
39,125,492,15.00,39125,42.00,-27.00,-99.96
39,127,492,77.00,39127,19.00,58.00,-99.80
39,129,492,225.00,39129,4.00,221.00,-99.42
39,131,492,65.00,39131,258.00,-193.00,-99.83
39,133,492,785.00,39133,4.00,781.00,-97.99
39,135,492,111.00,39135,12.00,99.00,-99.72
39,137,492,54.00,39137,8.00,46.00,-99.86
39,139,492,419.00,39139,14.00,405.00,-98.93
39,141,492,208.00,39141,31.00,177.00,-99.47
39,143,492,158.00,39143,35.00,123.00,-99.60
39,145,492,156.00,39145,81.00,75.00,-99.60
39,147,492,144.00,39147,312.00,-168.00,-99.63
39,149,492,141.00,39149,8.00,133.00,-99.64
39,151,492,"1,944.00",39151,237.00,"1,707.00",-95.03
39,153,492,"3,261.00",39153,34.00,"3,227.00",-91.67
39,155,492,918.00,39155,8.00,910.00,-97.66
39,157,492,299.00,39157,7.00,292.00,-99.24
39,159,492,338.00,39159,246.00,92.00,-99.14
39,161,492,59.00,39161,3.00,56.00,-99.85
39,163,492,25.00,39163,12.00,13.00,-99.94
39,165,492,"1,338.00",39165,3.00,"1,335.00",-96.58
39,167,492,171.00,39167,6.00,165.00,-99.56
39,169,492,353.00,39169,15.00,338.00,-99.10
39,171,492,85.00,39171,13.00,72.00,-99.78
39,173,492,486.00,39173,3.00,483.00,-98.76
39,175,492,60.00,39175,7.00,53.00,-99.85
40,1,492,35.00,40001,15.00,20.00,-99.91
40,3,492,4.00,40003,4.00,0.00,-99.99
40,5,492,19.00,40005,14.00,5.00,-99.95
40,7,492,0.00,40007,0.00,0.00,-100.00
40,9,492,40.00,40009,6.00,34.00,-99.90
40,11,492,8.00,40011,3.00,5.00,-99.98
40,13,492,158.00,40013,0.00,158.00,-99.61
40,15,492,30.00,40015,5.00,25.00,-99.93
40,17,492,666.00,40017,3.00,663.00,-98.34
40,19,492,137.00,40019,5.00,132.00,-99.66
40,21,492,148.00,40021,5.00,143.00,-99.63
40,23,492,18.00,40023,4.00,14.00,-99.96
40,25,492,5.00,40025,9.00,-4.00,-99.99
40,27,492,"1,309.00",40027,6.00,"1,303.00",-96.73
40,29,492,3.00,40029,7.00,-4.00,-99.99
40,31,492,464.00,40031,16.00,448.00,-98.84
40,33,492,8.00,40033,36.00,-28.00,-99.98
40,35,492,16.00,40035,5.00,11.00,-99.96
40,37,492,196.00,40037,7.00,189.00,-99.51
40,39,492,40.00,40039,4.00,36.00,-99.90
40,41,492,117.00,40041,21.00,96.00,-99.71
40,45,492,5.00,40045,147.00,-142.00,-99.99
40,47,492,263.00,40047,4.00,259.00,-99.34
40,49,492,40.00,40049,88.00,-48.00,-99.90
40,51,492,132.00,40051,8.00,124.00,-99.67
40,53,492,7.00,40053,8.00,-1.00,-99.98
40,55,492,4.00,40055,4.00,0.00,-99.99
40,61,492,19.00,40061,6.00,13.00,-99.95
40,63,492,19.00,40063,9.00,10.00,-99.95
40,65,492,70.00,40065,10.00,60.00,-99.83
40,67,492,8.00,40067,10.00,-2.00,-99.98
40,69,492,9.00,40069,8.00,1.00,-99.98
40,71,492,182.00,40071,10.00,172.00,-99.55
40,73,492,25.00,40073,50.00,-25.00,-99.94
40,75,492,9.00,40075,30.00,-21.00,-99.98
40,77,492,12.00,40077,4.00,8.00,-99.97
40,79,492,106.00,40079,7.00,99.00,-99.74
40,81,492,66.00,40081,98.00,-32.00,-99.84
40,83,492,138.00,40083,67.00,71.00,-99.66
40,85,492,24.00,40085,7.00,17.00,-99.94
40,87,492,115.00,40087,14.00,101.00,-99.71
40,89,492,19.00,40089,9.00,10.00,-99.95
40,91,492,38.00,40091,30.00,8.00,-99.91
40,93,492,7.00,40093,43.00,-36.00,-99.98
40,95,492,24.00,40095,4.00,20.00,-99.94
40,97,492,94.00,40097,3.00,91.00,-99.77
40,99,492,11.00,40099,11.00,0.00,-99.97
40,101,492,204.00,40101,23.00,181.00,-99.49
40,103,492,21.00,40103,5.00,16.00,-99.95
40,105,492,17.00,40105,21.00,-4.00,-99.96
40,107,492,20.00,40107,"1,585.00","-1,565.00",-99.95
40,109,492,"3,617.00",40109,11.00,"3,606.00",-90.98
40,111,492,98.00,40111,6.00,92.00,-99.76
40,113,492,115.00,40113,31.00,84.00,-99.71
40,115,492,98.00,40115,7.00,91.00,-99.76
40,117,492,26.00,40117,24.00,2.00,-99.94
40,119,492,338.00,40119,11.00,327.00,-99.16
40,121,492,79.00,40121,14.00,65.00,-99.80
40,123,492,78.00,40123,26.00,52.00,-99.81
40,125,492,260.00,40125,10.00,250.00,-99.35
40,127,492,13.00,40127,16.00,-3.00,-99.97
40,131,492,323.00,40131,41.00,282.00,-99.20
40,133,492,34.00,40133,4.00,30.00,-99.92
40,135,492,112.00,40135,21.00,91.00,-99.72
40,137,492,118.00,40137,318.00,-200.00,-99.71
40,139,492,22.00,40139,4.00,18.00,-99.95
40,141,492,5.00,40141,6.00,-1.00,-99.99
40,143,492,"3,537.00",40143,7.00,"3,530.00",-91.19
40,145,492,400.00,40145,16.00,384.00,-99.00
40,147,492,211.00,40147,5.00,206.00,-99.47
40,149,492,9.00,40149,9.00,0.00,-99.98
40,151,492,6.00,40151,9.00,-3.00,-99.99
40,153,492,44.00,40153,13.00,31.00,-99.89
41,1,492,23.00,41001,5.00,18.00,-99.94
41,3,492,315.00,41003,40.00,275.00,-99.23
41,5,492,"2,219.00",41005,3.00,"2,216.00",-94.59
41,7,492,109.00,41007,449.00,-340.00,-99.73
41,9,492,211.00,41009,11.00,200.00,-99.49
41,11,492,120.00,41011,25.00,95.00,-99.71
41,13,492,105.00,41013,9.00,96.00,-99.74
41,15,492,38.00,41015,27.00,11.00,-99.91
41,17,492,"1,003.00",41017,19.00,984.00,-97.55
41,19,492,300.00,41019,5.00,295.00,-99.27
41,21,492,4.00,41021,13.00,-9.00,-99.99
41,23,492,9.00,41023,45.00,-36.00,-99.98
41,25,492,5.00,41025,15.00,-10.00,-99.99
41,27,492,46.00,41027,16.00,30.00,-99.89
41,29,492,925.00,41029,87.00,838.00,-97.75
41,31,492,98.00,41031,3.00,95.00,-99.76
41,33,492,323.00,41033,20.00,303.00,-99.21
41,35,492,264.00,41035,118.00,146.00,-99.36
41,37,492,9.00,41037,8.00,1.00,-99.98
41,39,492,"1,721.00",41039,9.00,"1,712.00",-95.81
41,41,492,136.00,41041,10.00,126.00,-99.67
41,43,492,609.00,41043,6.00,603.00,-98.52
41,45,492,74.00,41045,81.00,-7.00,-99.82
41,47,492,"1,670.00",41047,8.00,"1,662.00",-95.93
41,49,492,24.00,41049,17.00,7.00,-99.94
41,51,492,"5,314.00",41051,66.00,"5,248.00",-87.06
41,53,492,441.00,41053,482.00,-41.00,-98.93
41,55,492,3.00,41055,3.00,0.00,-99.99
41,57,492,27.00,41057,7.00,20.00,-99.93
41,59,492,225.00,41059,54.00,171.00,-99.45
41,61,492,47.00,41061,874.00,-827.00,-99.89
41,63,492,4.00,41063,7.00,-3.00,-99.99
41,65,492,58.00,41065,5.00,53.00,-99.86
41,67,492,"4,196.00",41067,94.00,"4,102.00",-89.78
41,69,492,4.00,41069,225.00,-221.00,-99.99
41,71,492,460.00,41071,35.00,425.00,-98.88
42,1,492,300.00,42001,6.00,294.00,-99.29
42,3,492,"4,981.00",42003,20.00,"4,961.00",-88.14
42,5,492,153.00,42005,6.00,147.00,-99.64
42,7,492,661.00,42007,9.00,652.00,-98.43
42,9,492,51.00,42009,37.00,14.00,-99.88
42,11,492,"1,471.00",42011,79.00,"1,392.00",-96.50
42,13,492,415.00,42013,0.00,415.00,-99.01
42,15,492,109.00,42015,8.00,101.00,-99.74
42,17,492,"2,230.00",42017,17.00,"2,213.00",-94.69
42,19,492,624.00,42019,266.00,358.00,-98.51
42,21,492,336.00,42021,188.00,148.00,-99.20
42,25,492,173.00,42025,16.00,157.00,-99.59
42,27,492,402.00,42027,6.00,396.00,-99.04
42,29,492,"1,550.00",42029,27.00,"1,523.00",-96.31
42,31,492,29.00,42031,12.00,17.00,-99.93
42,33,492,169.00,42033,4.00,165.00,-99.60
42,35,492,76.00,42035,30.00,46.00,-99.82
42,37,492,170.00,42037,16.00,154.00,-99.60
42,39,492,213.00,42039,24.00,189.00,-99.49
42,41,492,983.00,42041,79.00,904.00,-97.66
42,43,492,"1,331.00",42043,7.00,"1,324.00",-96.83
42,45,492,"2,509.00",42045,259.00,"2,250.00",-94.03
42,47,492,55.00,42047,"3,228.00","-3,173.00",-99.87
42,49,492,"1,017.00",42049,4.00,"1,013.00",-97.58
42,51,492,468.00,42051,13.00,455.00,-98.89
42,53,492,5.00,42053,39.00,-34.00,-99.99
42,55,492,459.00,42055,316.00,143.00,-98.91
42,57,492,23.00,42057,169.00,-146.00,-99.95
42,59,492,65.00,42059,6.00,59.00,-99.85
42,61,492,73.00,42061,17.00,56.00,-99.83
42,63,492,176.00,42063,10.00,166.00,-99.58
42,65,492,79.00,42065,47.00,32.00,-99.81
42,67,492,25.00,42067,35.00,-10.00,-99.94
42,69,492,679.00,42069,8.00,671.00,-98.39
42,71,492,"1,865.00",42071,10.00,"1,855.00",-95.57
42,73,492,323.00,42073,215.00,108.00,-99.23
42,75,492,449.00,42075,5.00,444.00,-98.93
42,77,492,"1,486.00",42077,11.00,"1,475.00",-96.47
42,79,492,"1,208.00",42079,20.00,"1,188.00",-97.13
42,81,492,301.00,42081,13.00,288.00,-99.28
42,83,492,86.00,42083,3.00,83.00,-99.80
42,85,492,316.00,42085,5.00,311.00,-99.25
42,87,492,95.00,42087,6.00,89.00,-99.77
42,89,492,471.00,42089,"1,472.00","-1,001.00",-98.88
42,91,492,"2,793.00",42091,5.00,"2,788.00",-93.36
42,93,492,34.00,42093,156.00,-122.00,-99.92
42,95,492,943.00,42095,19.00,924.00,-97.76
42,97,492,257.00,42097,48.00,209.00,-99.39
42,99,492,59.00,42099,3.00,56.00,-99.86
42,101,492,"8,263.00",42101,3.00,"8,260.00",-80.37
42,103,492,117.00,42103,5.00,112.00,-99.72
42,105,492,6.00,42105,"4,513.00","-4,507.00",-99.99
42,107,492,357.00,42107,4.00,353.00,-99.15
42,109,492,76.00,42109,6.00,70.00,-99.82
42,111,492,117.00,42111,"1,280.00","-1,163.00",-99.72
42,113,492,4.00,42113,10.00,-6.00,-99.99
42,115,492,81.00,42115,4.00,77.00,-99.81
42,117,492,46.00,42117,3.00,43.00,-99.89
42,119,492,97.00,42119,131.00,-34.00,-99.77
42,121,492,135.00,42121,3.00,132.00,-99.68
42,123,492,68.00,42123,182.00,-114.00,-99.84
42,125,492,725.00,42125,447.00,278.00,-98.28
42,127,492,67.00,42127,11.00,56.00,-99.84
42,129,492,"1,223.00",42129,5.00,"1,218.00",-97.10
42,131,492,34.00,42131,20.00,14.00,-99.92
42,133,492,"1,916.00",42133,9.00,"1,907.00",-95.45
44,1,492,110.00,44001,5.00,105.00,-99.75
44,3,492,671.00,44003,"1,332.00",-661.00,-98.48
44,5,492,194.00,44005,4.00,190.00,-99.56
44,7,492,"5,167.00",44007,6.00,"5,161.00",-88.26
44,9,492,222.00,44009,4.00,218.00,-99.50
45,1,492,43.00,45001,10.00,33.00,-99.90
45,3,492,542.00,45003,281.00,261.00,-98.80
45,5,492,10.00,45005,21.00,-11.00,-99.98
45,7,492,680.00,45007,8.00,672.00,-98.49
45,9,492,23.00,45009,4.00,19.00,-99.95
45,11,492,32.00,45011,89.00,-57.00,-99.93
45,13,492,718.00,45013,59.00,659.00,-98.40
45,15,492,"1,214.00",45015,19.00,"1,195.00",-97.30
45,17,492,32.00,45017,177.00,-145.00,-99.93
45,19,492,"1,537.00",45019,12.00,"1,525.00",-96.59
45,21,492,213.00,45021,3.00,210.00,-99.53
45,23,492,102.00,45023,4.00,98.00,-99.77
45,25,492,91.00,45025,5.00,86.00,-99.80
45,27,492,46.00,45027,4.00,42.00,-99.90
45,29,492,115.00,45029,26.00,89.00,-99.74
45,31,492,203.00,45031,"8,446.00","-8,243.00",-99.55
45,33,492,71.00,45033,32.00,39.00,-99.84
45,35,492,862.00,45035,285.00,577.00,-98.09
45,37,492,48.00,45037,3.00,45.00,-99.89
45,39,492,69.00,45039,31.00,38.00,-99.85
45,41,492,366.00,45041,365.00,1.00,-99.19
45,43,492,174.00,45043,10.00,164.00,-99.61
45,45,492,"2,502.00",45045,9.00,"2,493.00",-94.45
45,47,492,183.00,45047,33.00,150.00,-99.59
45,49,492,29.00,45049,23.00,6.00,-99.94
45,51,492,"1,759.00",45051,7.00,"1,752.00",-96.10
45,53,492,105.00,45053,21.00,84.00,-99.77
45,55,492,251.00,45055,4.00,247.00,-99.44
45,57,492,450.00,45057,55.00,395.00,-99.00
45,59,492,203.00,45059,7.00,196.00,-99.55
45,61,492,35.00,45061,3.00,32.00,-99.92
45,63,492,"1,197.00",45063,11.00,"1,186.00",-97.34
45,65,492,17.00,45065,5.00,12.00,-99.96
45,67,492,78.00,45067,139.00,-61.00,-99.83
45,69,492,37.00,45069,3.00,34.00,-99.92
45,71,492,114.00,45071,13.00,101.00,-99.75
45,73,492,279.00,45073,168.00,111.00,-99.38
45,75,492,234.00,45075,5.00,229.00,-99.48
45,77,492,529.00,45077,123.00,406.00,-98.83
45,79,492,"2,044.00",45079,33.00,"2,011.00",-95.47
45,81,492,24.00,45081,28.00,-4.00,-99.95
45,83,492,"1,596.00",45083,3.00,"1,593.00",-96.46
45,85,492,350.00,45085,18.00,332.00,-99.22
45,87,492,93.00,45087,21.00,72.00,-99.79
45,89,492,33.00,45089,9.00,24.00,-99.93
45,91,492,"1,638.00",45091,16.00,"1,622.00",-96.37
46,3,492,6.00,46003,11.00,-5.00,-99.99
46,5,492,31.00,46005,16.00,15.00,-99.93
46,9,492,9.00,46009,3.00,6.00,-99.98
46,11,492,85.00,46011,55.00,30.00,-99.82
46,13,492,123.00,46013,10.00,113.00,-99.73
46,19,492,24.00,46019,7.00,17.00,-99.95
46,25,492,7.00,46025,21.00,-14.00,-99.98
46,27,492,25.00,46027,248.00,-223.00,-99.95
46,29,492,74.00,46029,5.00,69.00,-99.84
46,31,492,3.00,46031,4.00,-1.00,-99.99
46,33,492,18.00,46033,231.00,-213.00,-99.96
46,35,492,45.00,46035,4.00,41.00,-99.90
46,37,492,3.00,46037,8.00,-5.00,-99.99
46,39,492,6.00,46039,15.00,-9.00,-99.99
46,41,492,7.00,46041,13.00,-6.00,-99.98
46,45,492,5.00,46045,30.00,-25.00,-99.99
46,47,492,10.00,46047,4.00,6.00,-99.98
46,49,492,5.00,46049,200.00,-195.00,-99.99
46,51,492,3.00,46051,14.00,-11.00,-99.99
46,55,492,4.00,46055,4.00,0.00,-99.99
46,57,492,6.00,46057,662.00,-656.00,-99.99
46,59,492,4.00,46059,4.00,0.00,-99.99
46,65,492,35.00,46065,3.00,32.00,-99.92
46,67,492,7.00,46067,23.00,-16.00,-99.98
46,77,492,8.00,46077,18.00,-10.00,-99.98
46,79,492,16.00,46079,3.00,13.00,-99.97
46,81,492,80.00,46081,6.00,74.00,-99.83
46,83,492,258.00,46083,358.00,-100.00,-99.44
46,87,492,6.00,46087,5.00,1.00,-99.99
46,89,492,10.00,46089,31.00,-21.00,-99.98
46,91,492,4.00,46091,14.00,-10.00,-99.99
46,93,492,84.00,46093,5.00,79.00,-99.82
46,95,492,3.00,46095,81.00,-78.00,-99.99
46,99,492,964.00,46099,7.00,957.00,-97.91
46,102,492,3.00,46102,3.00,0.00,-99.99
46,103,492,525.00,46103,31.00,494.00,-98.86
46,105,492,5.00,46105,62.00,-57.00,-99.99
46,107,492,4.00,46107,3.00,1.00,-99.99
46,109,492,8.00,46109,105.00,-97.00,-99.98
46,111,492,4.00,46111,3.00,1.00,-99.99
46,115,492,5.00,46115,4.00,1.00,-99.99
46,117,492,9.00,46117,4.00,5.00,-99.98
46,119,492,4.00,46119,7.00,-3.00,-99.99
46,123,492,6.00,46123,118.00,-112.00,-99.99
46,125,492,11.00,46125,6.00,5.00,-99.98
46,127,492,47.00,46127,22.00,25.00,-99.90
46,129,492,8.00,46129,6.00,2.00,-99.98
46,135,492,60.00,46135,14.00,46.00,-99.87
46,137,492,3.00,46137,31.00,-28.00,-99.99
47,1,492,323.00,47001,4.00,319.00,-99.31
47,3,492,234.00,47003,9.00,225.00,-99.50
47,5,492,27.00,47005,174.00,-147.00,-99.94
47,7,492,24.00,47007,12.00,12.00,-99.95
47,9,492,657.00,47009,3.00,654.00,-98.60
47,11,492,589.00,47011,4.00,585.00,-98.75
47,13,492,134.00,47013,4.00,130.00,-99.71
47,15,492,39.00,47015,"3,614.00","-3,575.00",-99.92
47,17,492,43.00,47017,79.00,-36.00,-99.91
47,19,492,170.00,47019,4.00,166.00,-99.64
47,21,492,134.00,47021,11.00,123.00,-99.72
47,23,492,28.00,47023,77.00,-49.00,-99.94
47,25,492,65.00,47025,"2,864.00","-2,799.00",-99.86
47,27,492,12.00,47027,9.00,3.00,-99.97
47,29,492,123.00,47029,9.00,114.00,-99.74
47,31,492,211.00,47031,8.00,203.00,-99.55
47,33,492,19.00,47033,25.00,-6.00,-99.96
47,35,492,150.00,47035,18.00,132.00,-99.68
47,37,492,"4,340.00",47037,74.00,"4,266.00",-90.77
47,39,492,15.00,47039,96.00,-81.00,-99.97
47,41,492,56.00,47041,36.00,20.00,-99.88
47,43,492,204.00,47043,7.00,197.00,-99.57
47,45,492,90.00,47045,18.00,72.00,-99.81
47,47,492,113.00,47047,114.00,-1.00,-99.76
47,49,492,23.00,47049,13.00,10.00,-99.95
47,51,492,112.00,47051,4.00,108.00,-99.76
47,53,492,87.00,47053,56.00,31.00,-99.82
47,55,492,62.00,47055,6.00,56.00,-99.87
47,57,492,81.00,47057,9.00,72.00,-99.83
47,59,492,221.00,47059,"1,435.00","-1,214.00",-99.53
47,61,492,21.00,47061,28.00,-7.00,-99.96
47,63,492,242.00,47063,39.00,203.00,-99.49
47,65,492,"1,578.00",47065,22.00,"1,556.00",-96.65
47,67,492,10.00,47067,5.00,5.00,-99.98
47,69,492,26.00,47069,17.00,9.00,-99.94
47,71,492,50.00,47071,4.00,46.00,-99.89
47,73,492,192.00,47073,3.00,189.00,-99.59
47,75,492,45.00,47075,24.00,21.00,-99.90
47,77,492,46.00,47077,57.00,-11.00,-99.90
47,79,492,64.00,47079,12.00,52.00,-99.86
47,81,492,86.00,47081,252.00,-166.00,-99.82
47,83,492,11.00,47083,8.00,3.00,-99.98
47,85,492,25.00,47085,3.00,22.00,-99.95
47,87,492,23.00,47087,5.00,18.00,-99.95
47,89,492,216.00,47089,20.00,196.00,-99.54
47,91,492,11.00,47091,0.00,11.00,-99.98
47,93,492,"2,285.00",47093,4.00,"2,281.00",-95.15
47,95,492,4.00,47095,7.00,-3.00,-99.99
47,97,492,63.00,47097,3.00,60.00,-99.87
47,99,492,123.00,47099,"1,491.00","-1,368.00",-99.74
47,101,492,26.00,47101,6.00,20.00,-99.94
47,103,492,114.00,47103,6.00,108.00,-99.76
47,105,492,195.00,47105,12.00,183.00,-99.59
47,107,492,165.00,47107,41.00,124.00,-99.65
47,109,492,43.00,47109,429.00,-386.00,-99.91
47,111,492,77.00,47111,9.00,68.00,-99.84
47,113,492,308.00,47113,89.00,219.00,-99.35
47,115,492,64.00,47115,3.00,61.00,-99.86
47,117,492,159.00,47117,191.00,-32.00,-99.66
47,119,492,588.00,47119,10.00,578.00,-98.75
47,121,492,40.00,47121,18.00,22.00,-99.92
47,123,492,122.00,47123,23.00,99.00,-99.74
47,125,492,"1,422.00",47125,91.00,"1,331.00",-96.98
47,127,492,11.00,47127,4.00,7.00,-99.98
47,129,492,45.00,47129,16.00,29.00,-99.90
47,131,492,51.00,47131,5.00,46.00,-99.89
47,133,492,61.00,47133,7.00,54.00,-99.87
47,135,492,8.00,47135,22.00,-14.00,-99.98
47,139,492,40.00,47139,10.00,30.00,-99.92
47,141,492,284.00,47141,27.00,257.00,-99.40
47,143,492,129.00,47143,25.00,104.00,-99.73
47,145,492,183.00,47145,17.00,166.00,-99.61
47,147,492,366.00,47147,26.00,340.00,-99.22
47,149,492,"3,234.00",47149,19.00,"3,215.00",-93.14
47,151,492,35.00,47151,97.00,-62.00,-99.93
47,153,492,43.00,47153,5.00,38.00,-99.91
47,155,492,415.00,47155,4.00,411.00,-99.12
47,157,492,"3,479.00",47157,12.00,"3,467.00",-92.62
47,159,492,66.00,47159,6.00,60.00,-99.86
47,161,492,20.00,47161,267.00,-247.00,-99.96
47,163,492,821.00,47163,31.00,790.00,-98.26
47,165,492,"1,098.00",47165,4.00,"1,094.00",-97.67
47,167,492,181.00,47167,36.00,145.00,-99.62
47,169,492,30.00,47169,20.00,10.00,-99.94
47,171,492,72.00,47171,7.00,65.00,-99.85
47,173,492,64.00,47173,13.00,51.00,-99.86
47,175,492,17.00,47175,4.00,13.00,-99.96
47,177,492,129.00,47177,16.00,113.00,-99.73
47,179,492,541.00,47179,17.00,524.00,-98.85
47,181,492,26.00,47181,7.00,19.00,-99.94
47,183,492,58.00,47183,4.00,54.00,-99.88
47,185,492,75.00,47185,424.00,-349.00,-99.84
47,187,492,773.00,47187,10.00,763.00,-98.36
47,189,492,926.00,47189,3.00,923.00,-98.04
48,1,492,115.00,48001,42.00,73.00,-99.76
48,3,492,62.00,48003,8.00,54.00,-99.87
48,5,492,202.00,48005,6.00,196.00,-99.58
48,7,492,50.00,48007,16.00,34.00,-99.90
48,9,492,8.00,48009,6.00,2.00,-99.98
48,13,492,141.00,48013,"1,600.00","-1,459.00",-99.71
48,15,492,48.00,48015,46.00,2.00,-99.90
48,17,492,7.00,48017,5.00,2.00,-99.99
48,19,492,51.00,48019,19.00,32.00,-99.89
48,21,492,369.00,48021,35.00,334.00,-99.23
48,23,492,6.00,48023,47.00,-41.00,-99.99
48,25,492,20.00,48025,6.00,14.00,-99.96
48,27,492,"1,864.00",48027,21.00,"1,843.00",-96.12
48,29,492,"12,011.00",48029,18.00,"11,993.00",-74.99
48,31,492,25.00,48031,20.00,5.00,-99.95
48,35,492,24.00,48035,6.00,18.00,-99.95
48,37,492,260.00,48037,3.00,257.00,-99.46
48,39,492,"1,434.00",48039,129.00,"1,305.00",-97.01
48,41,492,849.00,48041,657.00,192.00,-98.23
48,43,492,9.00,48043,5.00,4.00,-99.98
48,47,492,6.00,48047,3.00,3.00,-99.99
48,49,492,128.00,48049,13.00,115.00,-99.73
48,51,492,39.00,48051,26.00,13.00,-99.92
48,53,492,145.00,48053,4.00,141.00,-99.70
48,55,492,158.00,48055,12.00,146.00,-99.67
48,57,492,31.00,48057,4.00,27.00,-99.94
48,59,492,33.00,48059,3.00,30.00,-99.93
48,61,492,936.00,48061,3.00,933.00,-98.05
48,63,492,16.00,48063,415.00,-399.00,-99.97
48,65,492,6.00,48065,17.00,-11.00,-99.99
48,67,492,39.00,48067,8.00,31.00,-99.92
48,69,492,7.00,48069,9.00,-2.00,-99.99
48,71,492,119.00,48071,9.00,110.00,-99.75
48,73,492,118.00,48073,7.00,111.00,-99.75
48,75,492,10.00,48075,29.00,-19.00,-99.98
48,77,492,15.00,48077,9.00,6.00,-99.97
48,79,492,3.00,48079,12.00,-9.00,-99.99
48,81,492,6.00,48081,8.00,-2.00,-99.99
48,83,492,13.00,48083,6.00,7.00,-99.97
48,85,492,"6,023.00",48085,4.00,"6,019.00",-87.47
48,89,492,25.00,48089,20.00,5.00,-99.95
48,91,492,682.00,48091,8.00,674.00,-98.58
48,93,492,14.00,48093,8.00,6.00,-99.97
48,97,492,108.00,48097,10.00,98.00,-99.78
48,99,492,362.00,48099,24.00,338.00,-99.25
48,103,492,4.00,48103,7.00,-3.00,-99.99
48,105,492,3.00,48105,14.00,-11.00,-99.99
48,107,492,13.00,48107,786.00,-773.00,-99.97
48,109,492,0.00,48109,13.00,-13.00,-100.00
48,111,492,4.00,48111,4.00,0.00,-99.99
48,113,492,"12,402.00",48113,5.00,"12,397.00",-74.22
48,115,492,12.00,48115,59.00,-47.00,-99.98
48,117,492,45.00,48117,12.00,33.00,-99.91
48,119,492,5.00,48119,32.00,-27.00,-99.99
48,121,492,"5,806.00",48121,10.00,"5,796.00",-87.93
48,123,492,10.00,48123,6.00,4.00,-99.98
48,127,492,8.00,48127,40.00,-32.00,-99.98
48,131,492,7.00,48131,10.00,-3.00,-99.99
48,133,492,21.00,48133,6.00,15.00,-99.96
48,135,492,562.00,48135,82.00,480.00,-98.83
48,137,492,4.00,48137,121.00,-117.00,-99.99
48,139,492,978.00,48139,6.00,972.00,-97.97
48,141,492,"3,831.00",48141,15.00,"3,816.00",-92.04
48,143,492,125.00,48143,22.00,103.00,-99.74
48,145,492,33.00,48145,31.00,2.00,-99.93
48,147,492,98.00,48147,9.00,89.00,-99.80
48,149,492,23.00,48149,11.00,12.00,-99.95
48,153,492,12.00,48153,6.00,6.00,-99.98
48,157,492,"4,370.00",48157,32.00,"4,338.00",-90.93
48,159,492,16.00,48159,409.00,-393.00,-99.97
48,161,492,21.00,48161,16.00,5.00,-99.96
48,163,492,20.00,48163,39.00,-19.00,-99.96
48,165,492,30.00,48165,342.00,-312.00,-99.94
48,167,492,"1,414.00",48167,14.00,"1,400.00",-97.06
48,171,492,51.00,48171,3.00,48.00,-99.89
48,175,492,12.00,48175,6.00,6.00,-99.98
48,177,492,21.00,48177,44.00,-23.00,-99.96
48,179,492,51.00,48179,9.00,42.00,-99.89
48,181,492,471.00,48181,23.00,448.00,-99.02
48,183,492,377.00,48183,131.00,246.00,-99.22
48,185,492,56.00,48185,34.00,22.00,-99.88
48,187,492,838.00,48187,22.00,816.00,-98.26
48,189,492,75.00,48189,19.00,56.00,-99.84
48,191,492,3.00,48191,70.00,-67.00,-99.99
48,193,492,11.00,48193,30.00,-19.00,-99.98
48,195,492,9.00,48195,3.00,6.00,-99.98
48,199,492,103.00,48199,199.00,-96.00,-99.79
48,201,492,"25,831.00",48201,366.00,"25,465.00",-46.41
48,203,492,185.00,48203,20.00,165.00,-99.62
48,205,492,4.00,48205,6.00,-2.00,-99.99
48,207,492,6.00,48207,141.00,-135.00,-99.99
48,209,492,"1,219.00",48209,320.00,899.00,-97.47
48,213,492,281.00,48213,93.00,188.00,-99.42
48,215,492,"2,099.00",48215,22.00,"2,077.00",-95.65
48,217,492,74.00,48217,7.00,67.00,-99.85
48,219,492,60.00,48219,75.00,-15.00,-99.88
48,221,492,241.00,48221,779.00,-538.00,-99.50
48,223,492,95.00,48223,13.00,82.00,-99.80
48,225,492,18.00,48225,19.00,-1.00,-99.96
48,227,492,76.00,48227,10.00,66.00,-99.84
48,229,492,0.00,48229,30.00,-30.00,-100.00
48,231,492,398.00,48231,129.00,269.00,-99.17
48,233,492,46.00,48233,36.00,10.00,-99.90
48,235,492,6.00,48235,32.00,-26.00,-99.99
48,237,492,17.00,48237,849.00,-832.00,-99.96
48,239,492,17.00,48239,50.00,-33.00,-99.96
48,241,492,48.00,48241,18.00,30.00,-99.90
48,243,492,3.00,48243,50.00,-47.00,-99.99
48,245,492,645.00,48245,28.00,617.00,-98.66
48,247,492,4.00,48247,33.00,-29.00,-99.99
48,249,492,84.00,48249,24.00,60.00,-99.83
48,251,492,872.00,48251,15.00,857.00,-98.19
48,253,492,39.00,48253,"4,925.00","-4,886.00",-99.92
48,255,492,22.00,48255,172.00,-150.00,-99.95
48,257,492,"1,069.00",48257,32.00,"1,037.00",-97.78
48,259,492,117.00,48259,12.00,105.00,-99.76
48,265,492,135.00,48265,39.00,96.00,-99.72
48,271,492,0.00,48271,8.00,-8.00,-100.00
48,273,492,83.00,48273,53.00,30.00,-99.83
48,277,492,134.00,48277,15.00,119.00,-99.72
48,279,492,19.00,48279,11.00,8.00,-99.96
48,281,492,70.00,48281,8.00,62.00,-99.86
48,283,492,8.00,48283,"1,554.00","-1,546.00",-99.98
48,285,492,11.00,48285,7.00,4.00,-99.98
48,287,492,31.00,48287,45.00,-14.00,-99.94
48,289,492,18.00,48289,4.00,14.00,-99.96
48,291,492,351.00,48291,"2,130.00","-1,779.00",-99.27
48,293,492,19.00,48293,568.00,-549.00,-99.96
48,297,492,12.00,48297,20.00,-8.00,-99.98
48,299,492,40.00,48299,218.00,-178.00,-99.92
48,303,492,"1,179.00",48303,19.00,"1,160.00",-97.56
48,305,492,12.00,48305,143.00,-131.00,-99.98
48,307,492,15.00,48307,23.00,-8.00,-99.97
48,309,492,"1,088.00",48309,105.00,983.00,-97.75
48,313,492,10.00,48313,7.00,3.00,-99.98
48,315,492,26.00,48315,55.00,-29.00,-99.95
48,317,492,7.00,48317,13.00,-6.00,-99.99
48,319,492,4.00,48319,22.00,-18.00,-99.99
48,321,492,83.00,48321,11.00,72.00,-99.83
48,323,492,146.00,48323,36.00,110.00,-99.70
48,325,492,130.00,48325,10.00,120.00,-99.73
48,327,492,7.00,48327,14.00,-7.00,-99.99
48,329,492,804.00,48329,4.00,800.00,-98.34
48,331,492,43.00,48331,25.00,18.00,-99.91
48,333,492,5.00,48333,4.00,1.00,-99.99
48,335,492,7.00,48335,4.00,3.00,-99.99
48,337,492,51.00,48337,27.00,24.00,-99.89
48,339,492,"2,956.00",48339,20.00,"2,936.00",-93.88
48,341,492,35.00,48341,9.00,26.00,-99.93
48,343,492,10.00,48343,25.00,-15.00,-99.98
48,345,492,4.00,48345,27.00,-23.00,-99.99
48,347,492,141.00,48347,17.00,124.00,-99.71
48,349,492,170.00,48349,24.00,146.00,-99.65
48,351,492,23.00,48351,99.00,-76.00,-99.95
48,353,492,36.00,48353,4.00,32.00,-99.93
48,355,492,"1,176.00",48355,12.00,"1,164.00",-97.57
48,357,492,9.00,48357,14.00,-5.00,-99.98
48,359,492,5.00,48359,5.00,0.00,-99.99
48,361,492,194.00,48361,26.00,168.00,-99.60
48,363,492,111.00,48363,17.00,94.00,-99.77
48,365,492,64.00,48365,8.00,56.00,-99.87
48,367,492,592.00,48367,15.00,577.00,-98.78
48,369,492,8.00,48369,17.00,-9.00,-99.98
48,371,492,48.00,48371,7.00,41.00,-99.90
48,373,492,129.00,48373,104.00,25.00,-99.73
48,375,492,419.00,48375,3.00,416.00,-99.13
48,377,492,4.00,48377,4.00,0.00,-99.99
48,379,492,24.00,48379,8.00,16.00,-99.95
48,381,492,533.00,48381,23.00,510.00,-98.90
48,387,492,8.00,48387,12.00,-4.00,-99.98
48,389,492,76.00,48389,7.00,69.00,-99.84
48,391,492,11.00,48391,6.00,5.00,-99.98
48,395,492,28.00,48395,19.00,9.00,-99.94
48,397,492,564.00,48397,27.00,537.00,-98.83
48,399,492,8.00,48399,49.00,-41.00,-99.98
48,401,492,127.00,48401,19.00,108.00,-99.74
48,403,492,10.00,48403,9.00,1.00,-99.98
48,405,492,3.00,48405,8.00,-5.00,-99.99
48,407,492,53.00,48407,11.00,42.00,-99.89
48,409,492,151.00,48409,4.00,147.00,-99.69
48,411,492,4.00,48411,16.00,-12.00,-99.99
48,413,492,3.00,48413,14.00,-11.00,-99.99
48,415,492,39.00,48415,7.00,32.00,-99.92
48,419,492,26.00,48419,11.00,15.00,-99.95
48,421,492,4.00,48421,3.00,1.00,-99.99
48,423,492,815.00,48423,26.00,789.00,-98.32
48,425,492,17.00,48425,13.00,4.00,-99.96
48,427,492,79.00,48427,8.00,71.00,-99.84
48,429,492,6.00,48429,8.00,-2.00,-99.99
48,433,492,3.00,48433,18.00,-15.00,-99.99
48,435,492,3.00,48435,6.00,-3.00,-99.99
48,437,492,14.00,48437,159.00,-145.00,-99.97
48,439,492,"11,977.00",48439,5.00,"11,972.00",-75.27
48,441,492,609.00,48441,10.00,599.00,-98.74
48,445,492,19.00,48445,29.00,-10.00,-99.96
48,449,492,65.00,48449,25.00,40.00,-99.87
48,451,492,396.00,48451,15.00,381.00,-99.18
48,453,492,"7,068.00",48453,38.00,"7,030.00",-85.41
48,455,492,16.00,48455,4.00,12.00,-99.97
48,457,492,27.00,48457,319.00,-292.00,-99.94
48,459,492,91.00,48459,41.00,50.00,-99.81
48,461,492,4.00,48461,9.00,-5.00,-99.99
48,463,492,51.00,48463,22.00,29.00,-99.89
48,465,492,99.00,48465,18.00,81.00,-99.80
48,467,492,168.00,48467,50.00,118.00,-99.65
48,469,492,250.00,48469,4.00,246.00,-99.48
48,471,492,185.00,48471,32.00,153.00,-99.62
48,473,492,201.00,48473,3.00,198.00,-99.59
48,475,492,18.00,48475,33.00,-15.00,-99.96
48,477,492,62.00,48477,8.00,54.00,-99.87
48,479,492,626.00,48479,8.00,618.00,-98.71
48,481,492,54.00,48481,20.00,34.00,-99.89
48,483,492,3.00,48483,3.00,0.00,-99.99
48,485,492,413.00,48485,4.00,409.00,-99.15
48,487,492,13.00,48487,42.00,-29.00,-99.97
48,489,492,19.00,48489,6.00,13.00,-99.96
48,491,492,"4,930.00",48491,117.00,"4,813.00",-89.83
48,493,492,111.00,48493,8.00,103.00,-99.77
48,495,492,17.00,48495,37.00,-20.00,-99.96
48,497,492,219.00,48497,5.00,214.00,-99.55
48,499,492,91.00,48499,9.00,82.00,-99.81
48,501,492,8.00,48501,15.00,-7.00,-99.98
48,503,492,38.00,48503,38.00,0.00,-99.92
48,505,492,8.00,48505,58.00,-50.00,-99.98
48,507,492,11.00,48507,26.00,-15.00,-99.98
49,1,492,9.00,49001,10.00,-1.00,-99.98
49,3,492,207.00,49003,"1,202.00",-995.00,-99.58
49,5,492,512.00,49005,11.00,501.00,-98.96
49,7,492,55.00,49007,10.00,45.00,-99.89
49,11,492,"1,488.00",49011,15.00,"1,473.00",-96.96
49,13,492,26.00,49013,101.00,-75.00,-99.95
49,15,492,11.00,49015,32.00,-21.00,-99.98
49,17,492,4.00,49017,25.00,-21.00,-99.99
49,19,492,20.00,49019,14.00,6.00,-99.96
49,21,492,204.00,49021,36.00,168.00,-99.58
49,23,492,11.00,49023,9.00,2.00,-99.98
49,25,492,9.00,49025,133.00,-124.00,-99.98
49,27,492,10.00,49027,4.00,6.00,-99.98
49,29,492,15.00,49029,88.00,-73.00,-99.97
49,33,492,0.00,49033,5.00,-5.00,-100.00
49,35,492,"6,108.00",49035,47.00,"6,061.00",-87.54
49,37,492,10.00,49037,23.00,-13.00,-99.98
49,39,492,19.00,49039,5.00,14.00,-99.96
49,41,492,39.00,49041,8.00,31.00,-99.92
49,43,492,50.00,49043,29.00,21.00,-99.90
49,45,492,363.00,49045,5.00,358.00,-99.26
49,47,492,105.00,49047,11.00,94.00,-99.79
49,49,492,"2,511.00",49049,12.00,"2,499.00",-94.88
49,51,492,73.00,49051,10.00,63.00,-99.85
49,53,492,854.00,49053,41.00,813.00,-98.26
49,57,492,"1,101.00",49057,4.00,"1,097.00",-97.76
50,1,492,34.00,50001,75.00,-41.00,-99.93
50,3,492,86.00,50003,230.00,-144.00,-99.83
50,5,492,26.00,50005,27.00,-1.00,-99.95
50,7,492,493.00,50007,9.00,484.00,-99.01
50,9,492,8.00,50009,85.00,-77.00,-99.98
50,11,492,106.00,50011,28.00,78.00,-99.79
50,13,492,11.00,50013,15.00,-4.00,-99.98
50,15,492,26.00,50015,7.00,19.00,-99.95
50,17,492,28.00,50017,24.00,4.00,-99.94
50,19,492,19.00,50019,9.00,10.00,-99.96
50,21,492,129.00,50021,7.00,122.00,-99.74
50,23,492,112.00,50023,15.00,97.00,-99.78
50,25,492,59.00,50025,16.00,43.00,-99.88
50,27,492,92.00,50027,3.00,89.00,-99.82
51,1,492,50.00,51001,7.00,43.00,-99.90
51,3,492,383.00,51003,7.00,376.00,-99.25
51,5,492,30.00,51005,75.00,-45.00,-99.94
51,7,492,38.00,51007,9.00,29.00,-99.93
51,9,492,107.00,51009,35.00,72.00,-99.79
51,11,492,36.00,51011,4.00,32.00,-99.93
51,13,492,914.00,51013,12.00,902.00,-98.21
51,15,492,296.00,51015,6.00,290.00,-99.42
51,17,492,3.00,51017,11.00,-8.00,-99.99
51,19,492,273.00,51019,6.00,267.00,-99.46
51,21,492,6.00,51021,22.00,-16.00,-99.99
51,23,492,57.00,51023,14.00,43.00,-99.89
51,25,492,34.00,51025,8.00,26.00,-99.93
51,27,492,15.00,51027,3.00,12.00,-99.97
51,29,492,33.00,51029,7.00,26.00,-99.94
51,31,492,220.00,51031,,,
51,33,492,162.00,51033,,,
51,35,492,61.00,51035,,,
51,36,492,13.00,51036,,,
51,37,492,16.00,51037,,,
51,41,492,"2,046.00",51041,,,
51,43,492,27.00,51043,,,
51,45,492,5.00,51045,,,
51,47,492,255.00,51047,,,
51,49,492,29.00,51049,,,
51,51,492,13.00,51051,,,
51,53,492,101.00,51053,,,
51,57,492,42.00,51057,,,
51,59,492,"5,475.00",51059,,,
51,61,492,212.00,51061,,,
51,63,492,20.00,51063,,,
51,65,492,112.00,51065,,,
51,67,492,127.00,51067,,,
51,69,492,422.00,51069,,,
51,71,492,32.00,51071,,,
51,73,492,154.00,51073,,,
51,75,492,53.00,51075,,,
51,77,492,20.00,51077,,,
51,79,492,77.00,51079,,,
51,81,492,29.00,51081,,,
51,83,492,80.00,51083,,,
51,85,492,470.00,51085,,,
51,87,492,"2,061.00",51087,,,
51,89,492,112.00,51089,,,
51,91,492,6.00,51091,,,
51,93,492,130.00,51093,,,
51,95,492,325.00,51095,,,
51,97,492,12.00,51097,,,
51,99,492,68.00,51099,,,
51,101,492,39.00,51101,,,
51,103,492,31.00,51103,,,
51,105,492,21.00,51105,,,
51,107,492,"2,055.00",51107,,,
51,109,492,134.00,51109,,,
51,111,492,14.00,51111,,,
51,113,492,22.00,51113,,,
51,115,492,21.00,51115,,,
51,117,492,67.00,51117,,,
51,119,492,29.00,51119,,,
51,121,492,323.00,51121,,,
51,125,492,16.00,51125,,,
51,127,492,71.00,51127,,,
51,131,492,20.00,51131,,,
51,133,492,33.00,51133,,,
51,135,492,25.00,51135,,,
51,137,492,129.00,51137,,,
51,139,492,52.00,51139,,,
51,141,492,17.00,51141,,,
51,143,492,102.00,51143,,,
51,145,492,63.00,51145,,,
51,147,492,50.00,51147,,,
51,149,492,139.00,51149,,,
51,153,492,"3,262.00",51153,,,
51,155,492,126.00,51155,,,
51,157,492,21.00,51157,,,
51,159,492,39.00,51159,,,
51,161,492,371.00,51161,,,
51,163,492,53.00,51163,,,
51,165,492,242.00,51165,,,
51,167,492,69.00,51167,,,
51,169,492,42.00,51169,,,
51,171,492,170.00,51171,,,
51,173,492,64.00,51173,,,
51,175,492,33.00,51175,,,
51,177,492,814.00,51177,,,
51,179,492,898.00,51179,,,
51,181,492,19.00,51181,,,
51,183,492,27.00,51183,,,
51,185,492,103.00,51185,,,
51,187,492,137.00,51187,,,
51,191,492,149.00,51191,,,
51,193,492,59.00,51193,,,
51,195,492,72.00,51195,,,
51,197,492,40.00,51197,,,
51,199,492,251.00,51199,,,
51,510,492,"1,098.00",51510,,,
51,520,492,115.00,51520,,,
51,530,492,21.00,51530,,,
51,540,492,175.00,51540,,,
51,550,492,"1,362.00",51550,,,
51,570,492,83.00,51570,,,
51,580,492,22.00,51580,,,
51,590,492,153.00,51590,,,
51,595,492,19.00,51595,,,
51,600,492,203.00,51600,,,
51,610,492,40.00,51610,,,
51,620,492,21.00,51620,,,
51,630,492,205.00,51630,,,
51,640,492,27.00,51640,,,
51,650,492,775.00,51650,,,
51,660,492,277.00,51660,,,
51,670,492,174.00,51670,,,
51,678,492,10.00,51678,,,
51,680,492,437.00,51680,,,
51,683,492,254.00,51683,,,
51,685,492,108.00,51685,,,
51,690,492,50.00,51690,,,
51,700,492,"1,113.00",51700,,,
51,710,492,"1,257.00",51710,,,
51,720,492,19.00,51720,,,
51,730,492,197.00,51730,,,
51,735,492,34.00,51735,,,
51,740,492,620.00,51740,,,
51,750,492,74.00,51750,,,
51,760,492,"1,049.00",51760,,,
51,770,492,576.00,51770,,,
51,775,492,109.00,51775,,,
51,790,492,133.00,51790,,,
51,800,492,494.00,51800,,,
51,810,492,"2,693.00",51810,,,
51,820,492,143.00,51820,,,
51,830,492,60.00,51830,,,
51,840,492,148.00,51840,,,
53,1,492,24.00,53001,,,
53,3,492,73.00,53003,,,
53,5,492,789.00,53005,,,
53,7,492,179.00,53007,,,
53,9,492,163.00,53009,,,
53,11,492,"3,869.00",53011,,,
53,13,492,6.00,53013,,,
53,15,492,457.00,53015,,,
53,17,492,112.00,53017,,,
53,19,492,4.00,53019,,,
53,21,492,324.00,53021,,,
53,23,492,3.00,53023,,,
53,25,492,241.00,53025,,,
53,27,492,189.00,53027,,,
53,29,492,278.00,53029,,,
53,31,492,48.00,53031,,,
53,33,492,"12,560.00",53033,,,
53,35,492,"1,222.00",53035,,,
53,37,492,99.00,53037,,,
53,39,492,36.00,53039,,,
53,41,492,307.00,53041,,,
53,43,492,24.00,53043,,,
53,45,492,195.00,53045,,,
53,47,492,35.00,53047,,,
53,49,492,34.00,53049,,,
53,51,492,35.00,53051,,,
53,53,492,"5,423.00",53053,,,
53,55,492,10.00,53055,,,
53,57,492,399.00,53057,,,
53,59,492,18.00,53059,,,
53,61,492,"5,709.00",53061,,,
53,63,492,"2,575.00",53063,,,
53,65,492,77.00,53065,,,
53,67,492,"1,489.00",53067,,,
53,69,492,6.00,53069,,,
53,71,492,165.00,53071,,,
53,73,492,704.00,53073,,,
53,75,492,185.00,53075,,,
53,77,492,597.00,53077,,,
54,1,492,21.00,54001,,,
54,3,492,853.00,54003,,,
54,5,492,25.00,54005,,,
54,7,492,19.00,54007,,,
54,9,492,52.00,54009,,,
54,11,492,369.00,54011,,,
54,13,492,17.00,54013,,,
54,15,492,19.00,54015,,,
54,17,492,6.00,54017,,,
54,19,492,117.00,54019,,,
54,21,492,8.00,54021,,,
54,23,492,16.00,54023,,,
54,25,492,82.00,54025,,,
54,27,492,57.00,54027,,,
54,29,492,63.00,54029,,,
54,31,492,38.00,54031,,,
54,33,492,280.00,54033,,,
54,35,492,56.00,54035,,,
54,37,492,269.00,54037,,,
54,39,492,627.00,54039,,,
54,41,492,41.00,54041,,,
54,43,492,36.00,54043,,,
54,45,492,40.00,54045,,,
54,47,492,12.00,54047,,,
54,49,492,200.00,54049,,,
54,51,492,91.00,54051,,,
54,53,492,57.00,54053,,,
54,55,492,196.00,54055,,,
54,57,492,49.00,54057,,,
54,59,492,26.00,54059,,,
54,61,492,436.00,54061,,,
54,63,492,13.00,54063,,,
54,65,492,45.00,54065,,,
54,67,492,37.00,54067,,,
54,69,492,140.00,54069,,,
54,71,492,15.00,54071,,,
54,73,492,5.00,54073,,,
54,75,492,5.00,54075,,,
54,77,492,71.00,54077,,,
54,79,492,232.00,54079,,,
54,81,492,272.00,54081,,,
54,83,492,73.00,54083,,,
54,85,492,5.00,54085,,,
54,87,492,17.00,54087,,,
54,89,492,21.00,54089,,,
54,91,492,55.00,54091,,,
54,93,492,4.00,54093,,,
54,95,492,5.00,54095,,,
54,97,492,67.00,54097,,,
54,99,492,106.00,54099,,,
54,101,492,11.00,54101,,,
54,103,492,43.00,54103,,,
54,105,492,11.00,54105,,,
54,107,492,303.00,54107,,,
54,109,492,18.00,54109,,,
55,1,492,28.00,55001,,,
55,3,492,13.00,55003,,,
55,5,492,107.00,55005,,,
55,7,492,6.00,55007,,,
55,9,492,964.00,55009,,,
55,11,492,16.00,55011,,,
55,13,492,9.00,55013,,,
55,15,492,134.00,55015,,,
55,17,492,164.00,55017,,,
55,19,492,45.00,55019,,,
55,21,492,133.00,55021,,,
55,23,492,29.00,55023,,,
55,25,492,"1,901.00",55025,,,
55,27,492,246.00,55027,,,
55,29,492,42.00,55029,,,
55,31,492,160.00,55031,,,
55,33,492,151.00,55033,,,
55,35,492,359.00,55035,,,
55,37,492,7.00,55037,,,
55,39,492,272.00,55039,,,
55,41,492,7.00,55041,,,
55,43,492,62.00,55043,,,
55,45,492,48.00,55045,,,
55,47,492,25.00,55047,,,
55,49,492,38.00,55049,,,
55,51,492,4.00,55051,,,
55,53,492,35.00,55053,,,
55,55,492,262.00,55055,,,
55,57,492,40.00,55057,,,
55,59,492,873.00,55059,,,
55,61,492,17.00,55061,,,
55,63,492,422.00,55063,,,
55,65,492,17.00,55065,,,
55,67,492,39.00,55067,,,
55,69,492,31.00,55069,,,
55,71,492,200.00,55071,,,
55,73,492,306.00,55073,,,
55,75,492,99.00,55075,,,
55,77,492,12.00,55077,,,
55,78,492,7.00,55078,,,
55,79,492,"5,321.00",55079,,,
55,81,492,138.00,55081,,,
55,83,492,58.00,55083,,,
55,85,492,77.00,55085,,,
55,87,492,801.00,55087,,,
55,89,492,204.00,55089,,,
55,91,492,4.00,55091,,,
55,93,492,88.00,55093,,,
55,95,492,68.00,55095,,,
55,97,492,230.00,55097,,,
55,99,492,9.00,55099,,,
55,101,492,831.00,55101,,,
55,103,492,30.00,55103,,,
55,105,492,540.00,55105,,,
55,107,492,19.00,55107,,,
55,109,492,305.00,55109,,,
55,111,492,167.00,55111,,,
55,113,492,6.00,55113,,,
55,115,492,88.00,55115,,,
55,117,492,362.00,55117,,,
55,119,492,17.00,55119,,,
55,121,492,32.00,55121,,,
55,123,492,31.00,55123,,,
55,125,492,17.00,55125,,,
55,127,492,361.00,55127,,,
55,129,492,9.00,55129,,,
55,131,492,494.00,55131,,,
55,133,492,"1,558.00",55133,,,
55,135,492,121.00,55135,,,
55,137,492,28.00,55137,,,
55,139,492,725.00,55139,,,
55,141,492,232.00,55141,,,
56,1,492,181.00,56001,,,
56,3,492,12.00,56003,,,
56,5,492,218.00,56005,,,
56,7,492,26.00,56007,,,
56,9,492,30.00,56009,,,
56,11,492,21.00,56011,,,
56,13,492,61.00,56013,,,
56,15,492,10.00,56015,,,
56,17,492,6.00,56017,,,
56,19,492,12.00,56019,,,
56,21,492,540.00,56021,,,
56,23,492,19.00,56023,,,
56,25,492,426.00,56025,,,
56,27,492,7.00,56027,,,
56,29,492,44.00,56029,,,
56,31,492,11.00,56031,,,
56,33,492,112.00,56033,,,
56,35,492,7.00,56035,,,
56,37,492,155.00,56037,,,
56,39,492,41.00,56039,,,
56,41,492,52.00,56041,,,
56,43,492,6.00,56043,,,
56,45,492,12.00,56045,,,